Order_ID,Customer_ID,Date,Age,City,Product_ID,Category,Campaign_ID,Campaign_Name,Channel,Quantity,Unit_Price,Discount,Revenue,Campaign_Responded,Converted,Month,Order_Value
O00001,C0208,2025-11-09,24,Delhi,P01,Electronics,CMP01,Summer Sale,Email,3,4926.99,0.05,14041.92,1,1,2025-11,14041.92
O00002,C0123,2025-11-01,56,Kolkata,P05,Grocery,CMP04,New Customer Offer,Social Media,3,801.78,0.0,2405.34,0,0,2025-11,2405.34
O00003,C0275,2025-02-20,54,Delhi,P06,Sports,CMP06,Win Back Campaign,SMS,3,1438.95,0.0,4316.85,0,0,2025-02,4316.85
O00004,C0465,2025-05-14,25,Hyderabad,P02,Home,CMP04,New Customer Offer,Social Media,7,1708.49,0.15,10165.52,1,1,2025-05,10165.52
O00005,C0123,2025-06-10,45,Patna,P06,Sports,CMP03,Loyalty Rewards,App,6,1830.76,0.15,9336.88,1,1,2025-06,9336.88
O00006,C0221,2025-07-26,59,Chennai,P04,Beauty,CMP03,Loyalty Rewards,App,2,996.03,0.1,1792.85,0,0,2025-07,1792.85
O00007,C0508,2025-05-25,55,Mumbai,P04,Beauty,CMP02,Festival Offer,SMS,5,750.87,0.05,3566.63,0,0,2025-05,3566.63
O00008,C0068,2025-01-02,21,Patna,P02,Home,CMP02,Festival Offer,SMS,4,1562.5,0.1,5625.0,1,1,2025-01,5625.0
O00009,C0126,2025-03-23,29,Chennai,P04,Beauty,CMP02,Festival Offer,SMS,1,1079.07,0.05,1025.12,1,1,2025-03,1025.12
O00010,C0238,2025-10-09,55,Bengaluru,P02,Home,CMP05,Weekend Flash Sale,Email,6,1623.48,0.1,8766.79,1,1,2025-10,8766.79
O00011,C0037,2025-04-29,20,Hyderabad,P06,Sports,CMP01,Summer Sale,Email,6,1691.81,0.0,10150.86,0,0,2025-04,10150.86
O00012,C0211,2025-04-01,51,Delhi,P02,Home,CMP03,Loyalty Rewards,App,4,1748.43,0.1,6294.35,0,0,2025-04,6294.35
O00013,C0269,2025-11-18,25,Kolkata,P03,Fashion,CMP03,Loyalty Rewards,App,1,1329.49,0.0,1329.49,1,0,2025-11,1329.49
O00014,C0613,2025-10-27,21,Bengaluru,P06,Sports,CMP01,Summer Sale,Email,1,1918.08,0.15,1630.37,0,0,2025-10,1630.37
O00015,C0588,2025-10-12,39,Bengaluru,P06,Sports,CMP03,Loyalty Rewards,App,5,1846.51,0.0,9232.55,1,1,2025-10,9232.55
O00016,C0151,2025-07-12,37,Mumbai,P06,Sports,CMP06,Win Back Campaign,SMS,1,1785.05,0.1,1606.54,0,0,2025-07,1606.54
O00017,C0630,2025-10-23,29,Mumbai,P01,Electronics,CMP03,Loyalty Rewards,App,1,3744.54,0.0,3744.54,1,1,2025-10,3744.54
O00018,C0086,2025-06-08,31,Kolkata,P01,Electronics,CMP02,Festival Offer,SMS,1,3928.59,0.1,3535.73,1,1,2025-06,3535.73
O00019,C0221,2025-01-04,60,Delhi,P02,Home,CMP06,Win Back Campaign,SMS,3,2193.36,0.1,5922.07,0,0,2025-01,5922.07
O00020,C0303,2025-12-09,53,Mumbai,P05,Grocery,CMP06,Win Back Campaign,SMS,2,521.12,0.0,1042.24,1,0,2025-12,1042.24
O00021,C0022,2025-08-25,43,Patna,P06,Sports,CMP03,Loyalty Rewards,App,3,1879.81,0.15,4793.52,0,0,2025-08,4793.52
O00022,C0355,2025-07-02,47,Hyderabad,P03,Fashion,CMP04,New Customer Offer,Social Media,1,1383.52,0.1,1245.17,1,0,2025-07,1245.17
O00023,C0106,2025-12-11,37,Bengaluru,P05,Grocery,CMP05,Weekend Flash Sale,Email,3,488.68,0.0,1466.04,0,0,2025-12,1466.04
O00024,C0624,2025-08-17,27,Kolkata,P01,Electronics,CMP06,Win Back Campaign,SMS,2,3972.19,0.1,7149.94,0,0,2025-08,7149.94
O00025,C0049,2025-06-07,29,Bengaluru,P02,Home,CMP02,Festival Offer,SMS,6,1726.04,0.15,8802.8,0,0,2025-06,8802.8
O00026,C0392,2025-06-27,20,Mumbai,P05,Grocery,CMP01,Summer Sale,Email,1,778.26,0.1,700.43,1,0,2025-06,700.43
O00027,C0326,2025-03-01,26,Patna,P04,Beauty,CMP02,Festival Offer,SMS,2,941.01,0.1,1693.82,0,0,2025-03,1693.82
O00028,C0484,2025-01-08,46,Pune,P03,Fashion,CMP03,Loyalty Rewards,App,2,1168.49,0.0,2336.98,0,0,2025-01,2336.98
O00029,C0368,2025-01-03,34,Patna,P02,Home,CMP04,New Customer Offer,Social Media,3,1721.28,0.1,4647.46,0,0,2025-01,4647.46
O00030,C0598,2025-06-29,25,Delhi,P06,Sports,CMP03,Loyalty Rewards,App,1,1443.69,0.15,1227.14,0,0,2025-06,1227.14
O00031,C0564,2025-06-21,37,Mumbai,P02,Home,CMP06,Win Back Campaign,SMS,1,1940.0,0.05,1843.0,1,1,2025-06,1843.0
O00032,C0621,2025-02-28,29,Chennai,P06,Sports,CMP02,Festival Offer,SMS,1,1374.22,0.05,1305.51,0,0,2025-02,1305.51
O00033,C0317,2025-09-03,59,Hyderabad,P01,Electronics,CMP06,Win Back Campaign,SMS,2,3313.43,0.05,6295.52,0,0,2025-09,6295.52
O00034,C0327,2025-10-09,57,Delhi,P03,Fashion,CMP06,Win Back Campaign,SMS,1,1386.73,0.15,1178.72,0,0,2025-10,1178.72
O00035,C0265,2025-04-11,29,Mumbai,P03,Fashion,CMP03,Loyalty Rewards,App,1,1438.43,0.0,1438.43,0,0,2025-04,1438.43
O00036,C0490,2025-09-02,29,Patna,P06,Sports,CMP05,Weekend Flash Sale,Email,2,1684.1,0.05,3199.79,1,1,2025-09,3199.79
O00037,C0222,2025-12-28,30,Delhi,P03,Fashion,CMP04,New Customer Offer,Social Media,3,1419.59,0.15,3619.95,0,0,2025-12,3619.95
O00038,C0229,2025-08-10,53,Delhi,P05,Grocery,CMP06,Win Back Campaign,SMS,4,659.16,0.0,2636.64,0,0,2025-08,2636.64
O00039,C0244,2025-07-08,50,Pune,P03,Fashion,CMP05,Weekend Flash Sale,Email,8,1164.22,0.0,9313.76,0,0,2025-07,9313.76
O00040,C0474,2025-08-24,53,Hyderabad,P02,Home,CMP04,New Customer Offer,Social Media,4,1536.8,0.0,6147.2,0,0,2025-08,6147.2
O00041,C0336,2025-04-17,47,Pune,P04,Beauty,CMP02,Festival Offer,SMS,1,890.02,0.0,890.02,0,0,2025-04,890.02
O00042,C0090,2025-11-03,33,Bengaluru,P06,Sports,CMP01,Summer Sale,Email,3,1909.67,0.2,4583.21,1,0,2025-11,4583.21
O00043,C0192,2025-06-04,60,Chennai,P01,Electronics,CMP06,Win Back Campaign,SMS,2,4436.82,0.2,7098.91,1,0,2025-06,7098.91
O00044,C0552,2025-09-27,50,Delhi,P06,Sports,CMP03,Loyalty Rewards,App,2,1312.73,0.0,2625.46,0,0,2025-09,2625.46
O00045,C0163,2025-08-09,48,Kolkata,P05,Grocery,CMP06,Win Back Campaign,SMS,1,780.53,0.0,780.53,0,0,2025-08,780.53
O00046,C0382,2025-11-14,26,Chennai,P03,Fashion,CMP01,Summer Sale,Email,4,1074.46,0.15,3653.16,1,1,2025-11,3653.16
O00047,C0446,2025-06-20,24,Pune,P01,Electronics,CMP06,Win Back Campaign,SMS,5,3421.6,0.15,14541.8,0,0,2025-06,14541.8
O00048,C0412,2025-12-09,52,Bengaluru,P03,Fashion,CMP03,Loyalty Rewards,App,1,1297.05,0.05,1232.2,0,0,2025-12,1232.2
O00049,C0570,2025-06-01,57,Pune,P05,Grocery,CMP01,Summer Sale,Email,4,617.45,0.0,2469.8,0,0,2025-06,2469.8
O00050,C0500,2025-08-21,25,Hyderabad,P05,Grocery,CMP05,Weekend Flash Sale,Email,1,733.72,0.15,623.66,0,0,2025-08,623.66
O00051,C0259,2025-01-03,44,Delhi,P01,Electronics,CMP02,Festival Offer,SMS,2,3552.62,0.15,6039.45,0,0,2025-01,6039.45
O00052,C0485,2025-03-16,29,Chennai,P02,Home,CMP02,Festival Offer,SMS,3,1687.68,0.15,4303.58,0,0,2025-03,4303.58
O00053,C0062,2025-06-28,24,Patna,P03,Fashion,CMP02,Festival Offer,SMS,2,1065.04,0.05,2023.58,1,0,2025-06,2023.58
O00054,C0445,2025-08-22,38,Hyderabad,P03,Fashion,CMP01,Summer Sale,Email,2,1289.58,0.0,2579.16,1,0,2025-08,2579.16
O00055,C0187,2025-03-30,52,Kolkata,P04,Beauty,CMP04,New Customer Offer,Social Media,3,947.49,0.15,2416.1,0,0,2025-03,2416.1
O00056,C0631,2025-08-06,47,Hyderabad,P02,Home,CMP03,Loyalty Rewards,App,1,1987.41,0.0,1987.41,0,0,2025-08,1987.41
O00057,C0077,2025-03-04,43,Kolkata,P06,Sports,CMP02,Festival Offer,SMS,4,1902.95,0.0,7611.8,1,1,2025-03,7611.8
O00058,C0627,2025-05-08,40,Pune,P03,Fashion,CMP04,New Customer Offer,Social Media,3,951.63,0.1,2569.4,0,0,2025-05,2569.4
O00059,C0395,2025-10-06,50,Mumbai,P06,Sports,CMP02,Festival Offer,SMS,2,1888.28,0.1,3398.9,1,1,2025-10,3398.9
O00060,C0433,2025-08-09,34,Chennai,P05,Grocery,CMP05,Weekend Flash Sale,Email,1,803.91,0.2,643.13,0,0,2025-08,643.13
O00061,C0136,2025-10-24,57,Delhi,P01,Electronics,CMP03,Loyalty Rewards,App,2,5215.55,0.1,9387.99,1,1,2025-10,9387.99
O00062,C0062,2025-12-26,34,Hyderabad,P02,Home,CMP04,New Customer Offer,Social Media,7,1360.11,0.0,9520.77,0,0,2025-12,9520.77
O00063,C0254,2025-11-16,58,Mumbai,P06,Sports,CMP03,Loyalty Rewards,App,4,1542.65,0.05,5862.07,1,1,2025-11,5862.07
O00064,C0012,2025-04-11,30,Bengaluru,P01,Electronics,CMP04,New Customer Offer,Social Media,4,3397.89,0.15,11552.83,0,0,2025-04,11552.83
O00065,C0188,2025-09-26,44,Kolkata,P01,Electronics,CMP03,Loyalty Rewards,App,1,4182.06,0.0,4182.06,0,0,2025-09,4182.06
O00066,C0140,2025-11-07,60,Chennai,P02,Home,CMP01,Summer Sale,Email,1,2083.5,0.15,1770.98,0,0,2025-11,1770.98
O00067,C0180,2025-03-21,20,Bengaluru,P06,Sports,CMP04,New Customer Offer,Social Media,1,1968.3,0.0,1968.3,1,0,2025-03,1968.3
O00068,C0425,2025-07-31,52,Bengaluru,P04,Beauty,CMP02,Festival Offer,SMS,1,1165.15,0.05,1106.89,0,0,2025-07,1106.89
O00069,C0123,2025-02-13,57,Kolkata,P01,Electronics,CMP03,Loyalty Rewards,App,3,3563.92,0.15,9088.0,1,0,2025-02,9088.0
O00070,C0145,2025-11-30,41,Hyderabad,P04,Beauty,CMP02,Festival Offer,SMS,2,809.63,0.1,1457.33,0,0,2025-11,1457.33
O00071,C0583,2025-06-25,42,Mumbai,P06,Sports,CMP01,Summer Sale,Email,2,1333.71,0.1,2400.68,0,0,2025-06,2400.68
O00072,C0507,2025-12-13,38,Bengaluru,P06,Sports,CMP06,Win Back Campaign,SMS,7,1330.79,0.05,8849.75,0,0,2025-12,8849.75
O00073,C0177,2025-06-11,43,Kolkata,P05,Grocery,CMP03,Loyalty Rewards,App,4,632.2,0.15,2149.48,0,0,2025-06,2149.48
O00074,C0510,2025-10-25,48,Patna,P03,Fashion,CMP04,New Customer Offer,Social Media,1,1465.99,0.05,1392.69,0,0,2025-10,1392.69
O00075,C0581,2025-10-29,54,Mumbai,P06,Sports,CMP06,Win Back Campaign,SMS,2,1526.48,0.0,3052.96,1,0,2025-10,3052.96
O00076,C0018,2025-09-01,60,Kolkata,P03,Fashion,CMP05,Weekend Flash Sale,Email,2,1226.92,0.0,2453.84,1,1,2025-09,2453.84
O00077,C0601,2025-12-29,24,Bengaluru,P04,Beauty,CMP04,New Customer Offer,Social Media,2,809.28,0.1,1456.7,0,0,2025-12,1456.7
O00078,C0358,2025-03-27,48,Mumbai,P02,Home,CMP01,Summer Sale,Email,5,1850.64,0.05,8790.54,0,0,2025-03,8790.54
O00079,C0006,2025-04-20,27,Delhi,P02,Home,CMP02,Festival Offer,SMS,5,1812.65,0.0,9063.25,0,0,2025-04,9063.25
O00080,C0544,2025-03-10,40,Delhi,P02,Home,CMP01,Summer Sale,Email,5,2163.2,0.0,10816.0,1,1,2025-03,10816.0
O00081,C0235,2025-11-03,42,Kolkata,P03,Fashion,CMP02,Festival Offer,SMS,1,1327.77,0.2,1062.22,1,1,2025-11,1062.22
O00082,C0429,2025-05-23,45,Kolkata,P03,Fashion,CMP02,Festival Offer,SMS,3,1059.98,0.15,2702.95,0,0,2025-05,2702.95
O00083,C0527,2025-11-18,53,Chennai,P04,Beauty,CMP02,Festival Offer,SMS,4,863.41,0.0,3453.64,0,0,2025-11,3453.64
O00084,C0007,2025-03-18,52,Patna,P02,Home,CMP04,New Customer Offer,Social Media,3,1454.12,0.2,3489.89,0,0,2025-03,3489.89
O00085,C0010,2025-05-23,29,Delhi,P02,Home,CMP05,Weekend Flash Sale,Email,1,2202.27,0.2,1761.82,1,1,2025-05,1761.82
O00086,C0529,2025-04-09,39,Patna,P03,Fashion,CMP01,Summer Sale,Email,5,1175.9,0.0,5879.5,0,0,2025-04,5879.5
O00087,C0006,2025-07-30,26,Pune,P05,Grocery,CMP03,Loyalty Rewards,App,2,565.28,0.0,1130.56,0,0,2025-07,1130.56
O00088,C0338,2025-04-03,47,Chennai,P04,Beauty,CMP03,Loyalty Rewards,App,2,916.07,0.15,1557.32,0,0,2025-04,1557.32
O00089,C0033,2025-10-04,47,Pune,P01,Electronics,CMP03,Loyalty Rewards,App,2,4329.12,0.1,7792.42,0,0,2025-10,7792.42
O00090,C0283,2025-09-20,49,Kolkata,P05,Grocery,CMP01,Summer Sale,Email,6,521.12,0.0,3126.72,0,0,2025-09,3126.72
O00091,C0183,2025-11-26,57,Chennai,P02,Home,CMP02,Festival Offer,SMS,6,2197.41,0.1,11866.01,1,0,2025-11,11866.01
O00092,C0448,2025-12-20,38,Pune,P06,Sports,CMP04,New Customer Offer,Social Media,1,1252.7,0.15,1064.8,1,0,2025-12,1064.8
O00093,C0448,2025-02-25,28,Mumbai,P03,Fashion,CMP06,Win Back Campaign,SMS,3,1102.6,0.05,3142.41,1,1,2025-02,3142.41
O00094,C0479,2025-08-28,30,Mumbai,P05,Grocery,CMP06,Win Back Campaign,SMS,1,489.54,0.1,440.59,1,0,2025-08,440.59
O00095,C0210,2025-06-02,25,Hyderabad,P03,Fashion,CMP03,Loyalty Rewards,App,1,1320.96,0.1,1188.86,0,0,2025-06,1188.86
O00096,C0485,2025-07-15,22,Hyderabad,P01,Electronics,CMP01,Summer Sale,Email,2,4564.5,0.05,8672.55,1,0,2025-07,8672.55
O00097,C0270,2025-07-24,59,Kolkata,P04,Beauty,CMP03,Loyalty Rewards,App,2,908.1,0.1,1634.58,0,0,2025-07,1634.58
O00098,C0608,2025-09-20,43,Chennai,P03,Fashion,CMP04,New Customer Offer,Social Media,5,1454.1,0.15,6179.92,0,0,2025-09,6179.92
O00099,C0392,2025-10-05,45,Patna,P05,Grocery,CMP06,Win Back Campaign,SMS,1,743.88,0.15,632.3,1,0,2025-10,632.3
O00100,C0494,2025-06-26,47,Mumbai,P01,Electronics,CMP06,Win Back Campaign,SMS,1,4503.87,0.15,3828.29,0,0,2025-06,3828.29
O00101,C0004,2025-07-22,26,Chennai,P04,Beauty,CMP03,Loyalty Rewards,App,2,782.12,0.15,1329.6,0,0,2025-07,1329.6
O00102,C0309,2025-01-03,43,Hyderabad,P01,Electronics,CMP03,Loyalty Rewards,App,3,5190.12,0.1,14013.32,1,0,2025-01,14013.32
O00103,C0027,2025-07-04,30,Hyderabad,P01,Electronics,CMP01,Summer Sale,Email,1,5016.78,0.05,4765.94,0,0,2025-07,4765.94
O00104,C0493,2025-08-04,55,Chennai,P02,Home,CMP02,Festival Offer,SMS,5,2186.49,0.15,9292.58,0,0,2025-08,9292.58
O00105,C0314,2025-06-01,26,Chennai,P05,Grocery,CMP03,Loyalty Rewards,App,3,496.96,0.05,1416.34,1,1,2025-06,1416.34
O00106,C0321,2025-02-13,27,Mumbai,P02,Home,CMP06,Win Back Campaign,SMS,3,1390.72,0.0,4172.16,0,0,2025-02,4172.16
O00107,C0399,2025-09-11,42,Delhi,P01,Electronics,CMP06,Win Back Campaign,SMS,2,3152.29,0.05,5989.35,0,0,2025-09,5989.35
O00108,C0278,2025-09-06,34,Kolkata,P06,Sports,CMP03,Loyalty Rewards,App,2,1521.04,0.05,2889.98,1,1,2025-09,2889.98
O00109,C0550,2025-09-25,39,Kolkata,P06,Sports,CMP06,Win Back Campaign,SMS,6,1574.83,0.0,9448.98,1,1,2025-09,9448.98
O00110,C0438,2025-09-25,55,Mumbai,P03,Fashion,CMP03,Loyalty Rewards,App,2,1081.87,0.1,1947.37,1,0,2025-09,1947.37
O00111,C0568,2025-05-14,25,Patna,P05,Grocery,CMP03,Loyalty Rewards,App,2,643.4,0.0,1286.8,0,0,2025-05,1286.8
O00112,C0022,2025-02-07,49,Bengaluru,P04,Beauty,CMP01,Summer Sale,Email,2,746.04,0.1,1342.87,0,0,2025-02,1342.87
O00113,C0344,2025-08-15,47,Hyderabad,P01,Electronics,CMP05,Weekend Flash Sale,Email,6,4040.99,0.1,21821.35,1,1,2025-08,21821.35
O00114,C0448,2025-05-15,44,Mumbai,P03,Fashion,CMP04,New Customer Offer,Social Media,2,1168.59,0.0,2337.18,1,1,2025-05,2337.18
O00115,C0413,2025-05-20,44,Chennai,P01,Electronics,CMP02,Festival Offer,SMS,3,4303.26,0.15,10973.31,0,0,2025-05,10973.31
O00116,C0599,2025-09-22,30,Chennai,P03,Fashion,CMP05,Weekend Flash Sale,Email,4,1148.49,0.05,4364.26,0,0,2025-09,4364.26
O00117,C0010,2025-12-14,36,Bengaluru,P03,Fashion,CMP06,Win Back Campaign,SMS,3,1114.48,0.05,3176.27,1,0,2025-12,3176.27
O00118,C0528,2025-10-19,49,Delhi,P05,Grocery,CMP03,Loyalty Rewards,App,1,780.18,0.0,780.18,0,0,2025-10,780.18
O00119,C0499,2025-10-05,27,Mumbai,P03,Fashion,CMP02,Festival Offer,SMS,1,1308.33,0.0,1308.33,0,0,2025-10,1308.33
O00120,C0039,2025-01-01,55,Mumbai,P02,Home,CMP02,Festival Offer,SMS,4,1564.93,0.15,5320.76,1,1,2025-01,5320.76
O00121,C0296,2025-09-30,55,Patna,P02,Home,CMP01,Summer Sale,Email,2,2017.15,0.1,3630.87,0,0,2025-09,3630.87
O00122,C0204,2025-11-13,36,Kolkata,P01,Electronics,CMP04,New Customer Offer,Social Media,1,3659.11,0.1,3293.2,1,0,2025-11,3293.2
O00123,C0410,2025-11-19,59,Mumbai,P06,Sports,CMP06,Win Back Campaign,SMS,5,1822.72,0.0,9113.6,0,0,2025-11,9113.6
O00124,C0377,2025-08-28,34,Bengaluru,P06,Sports,CMP05,Weekend Flash Sale,Email,1,1999.28,0.0,1999.28,0,0,2025-08,1999.28
O00125,C0256,2025-05-22,52,Pune,P02,Home,CMP02,Festival Offer,SMS,1,1620.29,0.1,1458.26,0,0,2025-05,1458.26
O00126,C0345,2025-07-27,42,Kolkata,P04,Beauty,CMP01,Summer Sale,Email,4,780.8,0.0,3123.2,0,0,2025-07,3123.2
O00127,C0595,2025-05-26,21,Patna,P02,Home,CMP03,Loyalty Rewards,App,4,1488.75,0.1,5359.5,1,0,2025-05,5359.5
O00128,C0365,2025-05-21,27,Delhi,P05,Grocery,CMP04,New Customer Offer,Social Media,1,630.85,0.1,567.76,0,0,2025-05,567.76
O00129,C0079,2025-02-17,56,Kolkata,P06,Sports,CMP03,Loyalty Rewards,App,1,1947.97,0.0,1947.97,0,0,2025-02,1947.97
O00130,C0350,2025-04-25,20,Mumbai,P05,Grocery,CMP01,Summer Sale,Email,3,715.13,0.0,2145.39,0,0,2025-04,2145.39
O00131,C0584,2025-02-26,52,Mumbai,P01,Electronics,CMP05,Weekend Flash Sale,Email,2,5219.24,0.0,10438.48,1,1,2025-02,10438.48
O00132,C0246,2025-07-13,21,Chennai,P01,Electronics,CMP06,Win Back Campaign,SMS,1,4331.77,0.0,4331.77,0,0,2025-07,4331.77
O00133,C0016,2025-04-25,56,Mumbai,P06,Sports,CMP02,Festival Offer,SMS,2,1493.6,0.05,2837.84,0,0,2025-04,2837.84
O00134,C0486,2025-05-20,46,Hyderabad,P01,Electronics,CMP04,New Customer Offer,Social Media,2,3347.76,0.05,6360.74,0,0,2025-05,6360.74
O00135,C0379,2025-05-15,42,Chennai,P03,Fashion,CMP04,New Customer Offer,Social Media,6,1290.03,0.05,7353.17,0,0,2025-05,7353.17
O00136,C0257,2025-11-02,53,Hyderabad,P04,Beauty,CMP06,Win Back Campaign,SMS,3,1151.0,0.1,3107.7,1,0,2025-11,3107.7
O00137,C0308,2025-05-21,23,Pune,P05,Grocery,CMP03,Loyalty Rewards,App,1,596.76,0.05,566.92,0,0,2025-05,566.92
O00138,C0095,2025-06-04,28,Kolkata,P04,Beauty,CMP03,Loyalty Rewards,App,1,1019.62,0.1,917.66,0,0,2025-06,917.66
O00139,C0483,2025-10-19,28,Patna,P01,Electronics,CMP03,Loyalty Rewards,App,3,4055.88,0.1,10950.88,0,0,2025-10,10950.88
O00140,C0109,2025-05-20,44,Kolkata,P01,Electronics,CMP04,New Customer Offer,Social Media,1,5158.02,0.1,4642.22,0,0,2025-05,4642.22
O00141,C0467,2025-08-26,31,Kolkata,P01,Electronics,CMP04,New Customer Offer,Social Media,3,3722.38,0.1,10050.43,1,1,2025-08,10050.43
O00142,C0090,2025-10-20,40,Delhi,P03,Fashion,CMP04,New Customer Offer,Social Media,1,1430.52,0.05,1358.99,0,0,2025-10,1358.99
O00143,C0546,2025-10-02,60,Hyderabad,P05,Grocery,CMP01,Summer Sale,Email,2,688.21,0.05,1307.6,1,1,2025-10,1307.6
O00144,C0434,2025-01-31,52,Bengaluru,P03,Fashion,CMP02,Festival Offer,SMS,1,1200.6,0.0,1200.6,0,0,2025-01,1200.6
O00145,C0109,2025-11-25,51,Patna,P04,Beauty,CMP01,Summer Sale,Email,5,808.66,0.0,4043.3,1,1,2025-11,4043.3
O00146,C0099,2025-09-01,60,Hyderabad,P04,Beauty,CMP03,Loyalty Rewards,App,7,734.34,0.05,4883.36,0,0,2025-09,4883.36
O00147,C0440,2025-08-27,30,Bengaluru,P05,Grocery,CMP05,Weekend Flash Sale,Email,3,631.96,0.15,1611.5,1,0,2025-08,1611.5
O00148,C0527,2025-05-03,21,Chennai,P06,Sports,CMP04,New Customer Offer,Social Media,7,1766.36,0.1,11128.07,0,0,2025-05,11128.07
O00149,C0567,2025-04-15,26,Delhi,P01,Electronics,CMP01,Summer Sale,Email,1,4416.14,0.15,3753.72,1,1,2025-04,3753.72
O00150,C0105,2025-11-29,56,Mumbai,P06,Sports,CMP06,Win Back Campaign,SMS,2,1604.12,0.05,3047.83,1,0,2025-11,3047.83
O00151,C0645,2025-11-04,49,Chennai,P03,Fashion,CMP05,Weekend Flash Sale,Email,1,1038.85,0.0,1038.85,1,1,2025-11,1038.85
O00152,C0343,2025-06-29,59,Pune,P04,Beauty,CMP06,Win Back Campaign,SMS,1,933.3,0.1,839.97,0,0,2025-06,839.97
O00153,C0501,2025-09-17,53,Delhi,P06,Sports,CMP06,Win Back Campaign,SMS,1,1225.92,0.15,1042.03,0,0,2025-09,1042.03
O00154,C0375,2025-07-20,21,Hyderabad,P03,Fashion,CMP01,Summer Sale,Email,1,1021.56,0.1,919.4,0,0,2025-07,919.4
O00155,C0018,2025-10-11,43,Mumbai,P01,Electronics,CMP06,Win Back Campaign,SMS,6,3471.73,0.1,18747.34,0,0,2025-10,18747.34
O00156,C0078,2025-11-28,32,Patna,P02,Home,CMP06,Win Back Campaign,SMS,3,1914.74,0.05,5457.01,0,0,2025-11,5457.01
O00157,C0536,2025-02-11,56,Patna,P05,Grocery,CMP01,Summer Sale,Email,3,573.35,0.0,1720.05,0,0,2025-02,1720.05
O00158,C0083,2025-08-09,45,Mumbai,P03,Fashion,CMP05,Weekend Flash Sale,Email,1,1440.15,0.1,1296.14,1,0,2025-08,1296.14
O00159,C0307,2025-09-08,39,Pune,P01,Electronics,CMP05,Weekend Flash Sale,Email,1,5145.35,0.05,4888.08,0,0,2025-09,4888.08
O00160,C0105,2025-11-28,37,Bengaluru,P02,Home,CMP04,New Customer Offer,Social Media,4,2043.99,0.1,7358.36,0,0,2025-11,7358.36
O00161,C0577,2025-04-15,32,Pune,P03,Fashion,CMP05,Weekend Flash Sale,Email,6,1054.15,0.0,6324.9,0,0,2025-04,6324.9
O00162,C0148,2025-11-03,46,Hyderabad,P05,Grocery,CMP02,Festival Offer,SMS,8,575.29,0.0,4602.32,0,0,2025-11,4602.32
O00163,C0244,2025-05-30,30,Chennai,P06,Sports,CMP05,Weekend Flash Sale,Email,12,1764.8,0.05,20118.72,0,0,2025-05,20118.72
O00164,C0328,2025-12-24,58,Patna,P03,Fashion,CMP04,New Customer Offer,Social Media,4,1213.73,0.0,4854.92,1,1,2025-12,4854.92
O00165,C0072,2025-05-03,31,Mumbai,P04,Beauty,CMP04,New Customer Offer,Social Media,3,1171.54,0.05,3338.89,1,0,2025-05,3338.89
O00166,C0183,2025-03-15,20,Hyderabad,P01,Electronics,CMP04,New Customer Offer,Social Media,1,4026.75,0.0,4026.75,0,0,2025-03,4026.75
O00167,C0592,2025-01-25,25,Kolkata,P04,Beauty,CMP05,Weekend Flash Sale,Email,3,1154.53,0.1,3117.23,1,1,2025-01,3117.23
O00168,C0616,2025-09-08,28,Hyderabad,P05,Grocery,CMP03,Loyalty Rewards,App,2,774.41,0.0,1548.82,0,0,2025-09,1548.82
O00169,C0544,2025-04-25,40,Hyderabad,P03,Fashion,CMP06,Win Back Campaign,SMS,1,1322.4,0.1,1190.16,1,1,2025-04,1190.16
O00170,C0204,2025-11-07,27,Kolkata,P05,Grocery,CMP02,Festival Offer,SMS,3,658.34,0.1,1777.52,0,0,2025-11,1777.52
O00171,C0365,2025-07-06,23,Mumbai,P04,Beauty,CMP04,New Customer Offer,Social Media,3,762.01,0.0,2286.03,1,0,2025-07,2286.03
O00172,C0094,2025-01-31,20,Mumbai,P03,Fashion,CMP03,Loyalty Rewards,App,2,1350.81,0.0,2701.62,1,1,2025-01,2701.62
O00173,C0449,2025-09-25,28,Chennai,P02,Home,CMP05,Weekend Flash Sale,Email,2,1357.23,0.1,2443.01,1,1,2025-09,2443.01
O00174,C0141,2025-04-15,38,Hyderabad,P03,Fashion,CMP06,Win Back Campaign,SMS,3,1176.05,0.1,3175.33,0,0,2025-04,3175.33
O00175,C0411,2025-07-05,59,Mumbai,P02,Home,CMP02,Festival Offer,SMS,9,2197.33,0.1,17798.37,0,0,2025-07,17798.37
O00176,C0234,2025-10-27,59,Bengaluru,P02,Home,CMP01,Summer Sale,Email,4,1567.72,0.1,5643.79,0,0,2025-10,5643.79
O00177,C0165,2025-01-15,53,Patna,P05,Grocery,CMP02,Festival Offer,SMS,2,491.97,0.1,885.55,0,0,2025-01,885.55
O00178,C0056,2025-06-20,50,Pune,P02,Home,CMP02,Festival Offer,SMS,6,1858.02,0.05,10590.71,0,0,2025-06,10590.71
O00179,C0272,2025-07-03,54,Pune,P03,Fashion,CMP06,Win Back Campaign,SMS,3,1477.47,0.2,3545.93,0,0,2025-07,3545.93
O00180,C0600,2025-12-15,40,Mumbai,P06,Sports,CMP01,Summer Sale,Email,4,1272.91,0.15,4327.89,0,0,2025-12,4327.89
O00181,C0126,2025-10-17,23,Patna,P06,Sports,CMP04,New Customer Offer,Social Media,3,1749.74,0.15,4461.84,1,1,2025-10,4461.84
O00182,C0028,2025-12-12,32,Patna,P06,Sports,CMP04,New Customer Offer,Social Media,3,1407.53,0.05,4011.46,0,0,2025-12,4011.46
O00183,C0237,2025-11-28,34,Hyderabad,P05,Grocery,CMP05,Weekend Flash Sale,Email,3,706.78,0.15,1802.29,0,0,2025-11,1802.29
O00184,C0155,2025-07-21,26,Patna,P03,Fashion,CMP04,New Customer Offer,Social Media,1,1141.7,0.15,970.44,0,0,2025-07,970.44
O00185,C0199,2025-11-16,60,Patna,P06,Sports,CMP03,Loyalty Rewards,App,3,1644.91,0.1,4441.26,0,0,2025-11,4441.26
O00186,C0400,2025-06-13,26,Pune,P06,Sports,CMP04,New Customer Offer,Social Media,5,1321.75,0.0,6608.75,1,1,2025-06,6608.75
O00187,C0449,2025-02-13,38,Hyderabad,P05,Grocery,CMP03,Loyalty Rewards,App,4,730.16,0.0,2920.64,0,0,2025-02,2920.64
O00188,C0205,2025-03-24,31,Pune,P06,Sports,CMP04,New Customer Offer,Social Media,6,1817.89,0.0,10907.34,0,0,2025-03,10907.34
O00189,C0374,2025-12-26,54,Kolkata,P04,Beauty,CMP02,Festival Offer,SMS,5,1136.5,0.05,5398.38,1,0,2025-12,5398.38
O00190,C0102,2025-11-30,46,Bengaluru,P03,Fashion,CMP02,Festival Offer,SMS,1,1430.14,0.0,1430.14,1,0,2025-11,1430.14
O00191,C0052,2025-12-14,23,Pune,P01,Electronics,CMP05,Weekend Flash Sale,Email,6,4806.14,0.1,25953.16,0,0,2025-12,25953.16
O00192,C0501,2025-02-10,27,Chennai,P02,Home,CMP06,Win Back Campaign,SMS,2,2037.31,0.0,4074.62,0,0,2025-02,4074.62
O00193,C0167,2025-11-11,57,Chennai,P04,Beauty,CMP01,Summer Sale,Email,1,908.27,0.0,908.27,1,1,2025-11,908.27
O00194,C0598,2025-11-17,29,Delhi,P04,Beauty,CMP06,Win Back Campaign,SMS,2,754.63,0.0,1509.26,0,0,2025-11,1509.26
O00195,C0362,2025-10-23,48,Kolkata,P03,Fashion,CMP05,Weekend Flash Sale,Email,1,1219.78,0.0,1219.78,0,0,2025-10,1219.78
O00196,C0218,2025-01-28,47,Hyderabad,P05,Grocery,CMP04,New Customer Offer,Social Media,4,607.85,0.0,2431.4,0,0,2025-01,2431.4
O00197,C0451,2025-03-10,39,Bengaluru,P02,Home,CMP01,Summer Sale,Email,3,1372.85,0.15,3500.77,0,0,2025-03,3500.77
O00198,C0186,2025-10-26,53,Mumbai,P02,Home,CMP01,Summer Sale,Email,2,2244.84,0.1,4040.71,0,0,2025-10,4040.71
O00199,C0484,2025-08-27,34,Pune,P03,Fashion,CMP02,Festival Offer,SMS,3,1034.46,0.0,3103.38,0,0,2025-08,3103.38
O00200,C0634,2025-03-21,35,Delhi,P04,Beauty,CMP06,Win Back Campaign,SMS,3,921.25,0.15,2349.19,0,0,2025-03,2349.19
O00201,C0568,2025-11-23,53,Pune,P06,Sports,CMP01,Summer Sale,Email,2,1657.76,0.1,2983.97,0,0,2025-11,2983.97
O00202,C0603,2025-07-08,50,Mumbai,P03,Fashion,CMP01,Summer Sale,Email,1,1424.93,0.0,1424.93,0,0,2025-07,1424.93
O00203,C0207,2025-04-26,56,Hyderabad,P03,Fashion,CMP02,Festival Offer,SMS,2,1156.2,0.2,1849.92,0,0,2025-04,1849.92
O00204,C0420,2025-09-17,29,Mumbai,P02,Home,CMP02,Festival Offer,SMS,1,1996.19,0.05,1896.38,1,0,2025-09,1896.38
O00205,C0224,2025-11-04,32,Delhi,P03,Fashion,CMP04,New Customer Offer,Social Media,6,921.86,0.1,4978.04,1,1,2025-11,4978.04
O00206,C0469,2025-04-16,38,Chennai,P05,Grocery,CMP05,Weekend Flash Sale,Email,1,560.22,0.15,476.19,0,0,2025-04,476.19
O00207,C0235,2025-11-04,22,Kolkata,P04,Beauty,CMP05,Weekend Flash Sale,Email,4,1180.37,0.0,4721.48,0,0,2025-11,4721.48
O00208,C0494,2025-08-19,47,Mumbai,P05,Grocery,CMP04,New Customer Offer,Social Media,1,809.61,0.2,647.69,0,0,2025-08,647.69
O00209,C0421,2025-12-21,57,Delhi,P05,Grocery,CMP02,Festival Offer,SMS,1,728.61,0.15,619.32,1,0,2025-12,619.32
O00210,C0567,2025-08-19,38,Hyderabad,P02,Home,CMP06,Win Back Campaign,SMS,3,1561.17,0.0,4683.51,0,0,2025-08,4683.51
O00211,C0096,2025-12-15,59,Chennai,P01,Electronics,CMP05,Weekend Flash Sale,Email,7,4366.76,0.1,27510.59,1,0,2025-12,27510.59
O00212,C0234,2025-12-22,52,Bengaluru,P05,Grocery,CMP02,Festival Offer,SMS,2,785.25,0.0,1570.5,1,0,2025-12,1570.5
O00213,C0437,2025-03-22,50,Patna,P03,Fashion,CMP03,Loyalty Rewards,App,1,901.33,0.0,901.33,0,0,2025-03,901.33
O00214,C0496,2025-12-10,58,Pune,P03,Fashion,CMP06,Win Back Campaign,SMS,1,1412.09,0.05,1341.49,0,0,2025-12,1341.49
O00215,C0095,2025-11-24,29,Bengaluru,P02,Home,CMP06,Win Back Campaign,SMS,2,1922.33,0.05,3652.43,1,0,2025-11,3652.43
O00216,C0486,2025-05-19,23,Pune,P02,Home,CMP01,Summer Sale,Email,1,1672.96,0.0,1672.96,1,0,2025-05,1672.96
O00217,C0434,2025-12-15,41,Patna,P03,Fashion,CMP03,Loyalty Rewards,App,5,1327.21,0.15,5640.64,0,0,2025-12,5640.64
O00218,C0646,2025-04-02,45,Kolkata,P04,Beauty,CMP05,Weekend Flash Sale,Email,2,1101.71,0.0,2203.42,1,1,2025-04,2203.42
O00219,C0149,2025-06-26,41,Kolkata,P03,Fashion,CMP04,New Customer Offer,Social Media,1,910.87,0.1,819.78,1,1,2025-06,819.78
O00220,C0595,2025-05-28,49,Delhi,P05,Grocery,CMP03,Loyalty Rewards,App,3,741.18,0.0,2223.54,0,0,2025-05,2223.54
O00221,C0337,2025-11-24,59,Delhi,P06,Sports,CMP04,New Customer Offer,Social Media,1,1706.21,0.05,1620.9,1,1,2025-11,1620.9
O00222,C0524,2025-10-17,59,Chennai,P05,Grocery,CMP06,Win Back Campaign,SMS,2,535.42,0.1,963.76,0,0,2025-10,963.76
O00223,C0585,2025-02-09,35,Kolkata,P02,Home,CMP02,Festival Offer,SMS,1,1973.92,0.05,1875.22,0,0,2025-02,1875.22
O00224,C0645,2025-09-08,32,Chennai,P02,Home,CMP06,Win Back Campaign,SMS,1,2046.38,0.0,2046.38,1,1,2025-09,2046.38
O00225,C0262,2025-05-23,55,Hyderabad,P05,Grocery,CMP06,Win Back Campaign,SMS,1,576.28,0.1,518.65,0,0,2025-05,518.65
O00226,C0587,2025-07-22,40,Delhi,P05,Grocery,CMP03,Loyalty Rewards,App,3,622.01,0.0,1866.03,1,1,2025-07,1866.03
O00227,C0196,2025-04-20,30,Bengaluru,P03,Fashion,CMP03,Loyalty Rewards,App,3,1101.31,0.1,2973.54,0,0,2025-04,2973.54
O00228,C0217,2025-02-04,23,Mumbai,P06,Sports,CMP05,Weekend Flash Sale,Email,3,1447.38,0.0,4342.14,0,0,2025-02,4342.14
O00229,C0368,2025-06-25,53,Patna,P02,Home,CMP06,Win Back Campaign,SMS,1,1794.31,0.2,1435.45,0,0,2025-06,1435.45
O00230,C0288,2025-05-01,59,Mumbai,P03,Fashion,CMP04,New Customer Offer,Social Media,3,1276.29,0.05,3637.43,0,0,2025-05,3637.43
O00231,C0551,2025-01-07,45,Patna,P01,Electronics,CMP01,Summer Sale,Email,1,3779.1,0.1,3401.19,0,0,2025-01,3401.19
O00232,C0520,2025-12-10,51,Hyderabad,P05,Grocery,CMP04,New Customer Offer,Social Media,1,495.85,0.05,471.06,0,0,2025-12,471.06
O00233,C0026,2025-04-19,27,Bengaluru,P05,Grocery,CMP01,Summer Sale,Email,1,563.73,0.2,450.98,0,0,2025-04,450.98
O00234,C0194,2025-08-01,59,Delhi,P05,Grocery,CMP01,Summer Sale,Email,1,782.44,0.1,704.2,0,0,2025-08,704.2
O00235,C0105,2025-12-28,36,Kolkata,P06,Sports,CMP05,Weekend Flash Sale,Email,3,1200.44,0.1,3241.19,0,0,2025-12,3241.19
O00236,C0605,2025-03-01,29,Mumbai,P01,Electronics,CMP02,Festival Offer,SMS,1,4901.48,0.0,4901.48,1,1,2025-03,4901.48
O00237,C0111,2025-06-13,52,Patna,P01,Electronics,CMP02,Festival Offer,SMS,1,5135.8,0.1,4622.22,0,0,2025-06,4622.22
O00238,C0191,2025-01-24,58,Kolkata,P03,Fashion,CMP05,Weekend Flash Sale,Email,1,1161.04,0.1,1044.94,0,0,2025-01,1044.94
O00239,C0279,2025-06-10,53,Kolkata,P03,Fashion,CMP03,Loyalty Rewards,App,1,1486.15,0.05,1411.84,0,0,2025-06,1411.84
O00240,C0430,2025-12-10,37,Mumbai,P01,Electronics,CMP02,Festival Offer,SMS,7,3881.53,0.0,27170.71,0,0,2025-12,27170.71
O00241,C0137,2025-12-08,57,Chennai,P02,Home,CMP06,Win Back Campaign,SMS,1,2127.42,0.0,2127.42,0,0,2025-12,2127.42
O00242,C0430,2025-01-15,48,Mumbai,P02,Home,CMP06,Win Back Campaign,SMS,4,1602.94,0.15,5450.0,0,0,2025-01,5450.0
O00243,C0115,2025-02-24,49,Delhi,P03,Fashion,CMP02,Festival Offer,SMS,2,946.32,0.05,1798.01,0,0,2025-02,1798.01
O00244,C0262,2025-02-10,47,Delhi,P06,Sports,CMP02,Festival Offer,SMS,1,1960.02,0.15,1666.02,0,0,2025-02,1666.02
O00245,C0495,2025-06-12,41,Mumbai,P03,Fashion,CMP01,Summer Sale,Email,12,998.25,0.0,11979.0,0,0,2025-06,11979.0
O00246,C0443,2025-10-18,54,Patna,P02,Home,CMP04,New Customer Offer,Social Media,3,2074.82,0.15,5290.79,1,0,2025-10,5290.79
O00247,C0529,2025-07-29,46,Hyderabad,P05,Grocery,CMP03,Loyalty Rewards,App,3,527.76,0.0,1583.28,0,0,2025-07,1583.28
O00248,C0069,2025-08-15,41,Delhi,P04,Beauty,CMP05,Weekend Flash Sale,Email,1,761.78,0.0,761.78,1,1,2025-08,761.78
O00249,C0443,2025-08-25,23,Mumbai,P05,Grocery,CMP03,Loyalty Rewards,App,2,633.71,0.05,1204.05,0,0,2025-08,1204.05
O00250,C0295,2025-02-09,25,Delhi,P05,Grocery,CMP04,New Customer Offer,Social Media,2,614.81,0.05,1168.14,0,0,2025-02,1168.14
O00251,C0155,2025-06-06,27,Mumbai,P05,Grocery,CMP06,Win Back Campaign,SMS,1,496.83,0.1,447.15,1,0,2025-06,447.15
O00252,C0287,2025-12-25,35,Chennai,P03,Fashion,CMP05,Weekend Flash Sale,Email,4,1178.64,0.1,4243.1,1,0,2025-12,4243.1
O00253,C0472,2025-03-31,44,Pune,P02,Home,CMP03,Loyalty Rewards,App,1,1459.11,0.1,1313.2,0,0,2025-03,1313.2
O00254,C0272,2025-03-26,45,Bengaluru,P06,Sports,CMP02,Festival Offer,SMS,5,1253.05,0.0,6265.25,0,0,2025-03,6265.25
O00255,C0196,2025-11-10,49,Bengaluru,P05,Grocery,CMP03,Loyalty Rewards,App,4,550.53,0.15,1871.8,0,0,2025-11,1871.8
O00256,C0298,2025-11-03,57,Mumbai,P05,Grocery,CMP01,Summer Sale,Email,4,633.66,0.0,2534.64,1,0,2025-11,2534.64
O00257,C0423,2025-09-18,55,Mumbai,P04,Beauty,CMP03,Loyalty Rewards,App,1,1127.49,0.1,1014.74,1,0,2025-09,1014.74
O00258,C0204,2025-09-22,35,Patna,P06,Sports,CMP06,Win Back Campaign,SMS,5,1490.63,0.1,6707.84,0,0,2025-09,6707.84
O00259,C0191,2025-02-10,35,Pune,P01,Electronics,CMP03,Loyalty Rewards,App,3,3446.32,0.05,9822.01,0,0,2025-02,9822.01
O00260,C0205,2025-10-04,36,Kolkata,P04,Beauty,CMP02,Festival Offer,SMS,2,1050.33,0.1,1890.59,1,0,2025-10,1890.59
O00261,C0036,2025-06-18,25,Kolkata,P01,Electronics,CMP02,Festival Offer,SMS,3,3643.46,0.1,9837.34,0,0,2025-06,9837.34
O00262,C0177,2025-09-18,49,Pune,P05,Grocery,CMP05,Weekend Flash Sale,Email,1,762.28,0.1,686.05,0,0,2025-09,686.05
O00263,C0623,2025-08-26,43,Delhi,P03,Fashion,CMP04,New Customer Offer,Social Media,4,904.41,0.05,3436.76,0,0,2025-08,3436.76
O00264,C0336,2025-02-25,28,Chennai,P03,Fashion,CMP01,Summer Sale,Email,5,1046.73,0.0,5233.65,0,0,2025-02,5233.65
O00265,C0289,2025-03-19,44,Delhi,P03,Fashion,CMP03,Loyalty Rewards,App,7,1105.88,0.15,6579.99,1,0,2025-03,6579.99
O00266,C0387,2025-09-24,50,Chennai,P04,Beauty,CMP05,Weekend Flash Sale,Email,2,1073.92,0.15,1825.66,1,1,2025-09,1825.66
O00267,C0011,2025-02-16,29,Hyderabad,P05,Grocery,CMP02,Festival Offer,SMS,4,659.15,0.0,2636.6,1,0,2025-02,2636.6
O00268,C0517,2025-10-25,50,Hyderabad,P04,Beauty,CMP06,Win Back Campaign,SMS,3,1054.33,0.05,3004.84,0,0,2025-10,3004.84
O00269,C0199,2025-07-02,21,Mumbai,P03,Fashion,CMP05,Weekend Flash Sale,Email,2,1426.7,0.0,2853.4,0,0,2025-07,2853.4
O00270,C0423,2025-06-08,20,Patna,P01,Electronics,CMP03,Loyalty Rewards,App,1,5052.92,0.15,4294.98,0,0,2025-06,4294.98
O00271,C0375,2025-03-16,39,Kolkata,P06,Sports,CMP02,Festival Offer,SMS,1,1726.23,0.05,1639.92,1,1,2025-03,1639.92
O00272,C0612,2025-08-17,52,Mumbai,P01,Electronics,CMP05,Weekend Flash Sale,Email,4,3810.65,0.1,13718.34,0,0,2025-08,13718.34
O00273,C0195,2025-10-11,54,Kolkata,P04,Beauty,CMP02,Festival Offer,SMS,1,826.22,0.0,826.22,1,0,2025-10,826.22
O00274,C0078,2025-10-09,37,Mumbai,P03,Fashion,CMP04,New Customer Offer,Social Media,6,1480.41,0.0,8882.46,0,0,2025-10,8882.46
O00275,C0640,2025-06-09,41,Chennai,P01,Electronics,CMP05,Weekend Flash Sale,Email,2,5055.09,0.1,9099.16,0,0,2025-06,9099.16
O00276,C0402,2025-03-09,37,Patna,P02,Home,CMP05,Weekend Flash Sale,Email,2,1626.43,0.1,2927.57,0,0,2025-03,2927.57
O00277,C0336,2025-09-28,25,Mumbai,P02,Home,CMP02,Festival Offer,SMS,2,1691.44,0.1,3044.59,1,0,2025-09,3044.59
O00278,C0341,2025-05-29,50,Chennai,P04,Beauty,CMP02,Festival Offer,SMS,5,963.6,0.0,4818.0,0,0,2025-05,4818.0
O00279,C0406,2025-04-02,45,Chennai,P03,Fashion,CMP06,Win Back Campaign,SMS,5,1208.15,0.0,6040.75,0,0,2025-04,6040.75
O00280,C0253,2025-05-09,49,Bengaluru,P01,Electronics,CMP06,Win Back Campaign,SMS,9,4824.13,0.0,43417.17,0,0,2025-05,43417.17
O00281,C0288,2025-11-01,49,Pune,P02,Home,CMP04,New Customer Offer,Social Media,3,1471.07,0.1,3971.89,1,1,2025-11,3971.89
O00282,C0342,2025-09-09,20,Kolkata,P01,Electronics,CMP04,New Customer Offer,Social Media,1,4049.28,0.15,3441.89,0,0,2025-09,3441.89
O00283,C0432,2025-03-10,52,Mumbai,P04,Beauty,CMP02,Festival Offer,SMS,2,1077.91,0.0,2155.82,0,0,2025-03,2155.82
O00284,C0375,2025-10-22,50,Bengaluru,P06,Sports,CMP03,Loyalty Rewards,App,1,1719.9,0.0,1719.9,0,0,2025-10,1719.9
O00285,C0439,2025-05-27,54,Pune,P05,Grocery,CMP01,Summer Sale,Email,1,613.16,0.0,613.16,0,0,2025-05,613.16
O00286,C0168,2025-05-30,55,Hyderabad,P01,Electronics,CMP06,Win Back Campaign,SMS,1,4016.07,0.05,3815.27,1,0,2025-05,3815.27
O00287,C0286,2025-03-05,26,Chennai,P02,Home,CMP04,New Customer Offer,Social Media,2,1993.22,0.05,3787.12,0,0,2025-03,3787.12
O00288,C0083,2025-07-28,26,Bengaluru,P04,Beauty,CMP05,Weekend Flash Sale,Email,4,1053.79,0.0,4215.16,0,0,2025-07,4215.16
O00289,C0067,2025-12-26,21,Kolkata,P04,Beauty,CMP03,Loyalty Rewards,App,1,851.0,0.0,851.0,0,0,2025-12,851.0
O00290,C0641,2025-07-04,46,Patna,P06,Sports,CMP05,Weekend Flash Sale,Email,1,1951.82,0.0,1951.82,0,0,2025-07,1951.82
O00291,C0247,2025-01-06,45,Kolkata,P06,Sports,CMP04,New Customer Offer,Social Media,5,1352.53,0.1,6086.38,0,0,2025-01,6086.38
O00292,C0137,2025-10-22,51,Kolkata,P01,Electronics,CMP04,New Customer Offer,Social Media,1,3775.25,0.1,3397.72,0,0,2025-10,3397.72
O00293,C0245,2025-08-26,50,Chennai,P02,Home,CMP03,Loyalty Rewards,App,3,1859.55,0.1,5020.78,1,1,2025-08,5020.78
O00294,C0212,2025-05-12,36,Patna,P01,Electronics,CMP06,Win Back Campaign,SMS,6,3595.85,0.05,20496.34,0,0,2025-05,20496.34
O00295,C0281,2025-03-31,35,Delhi,P06,Sports,CMP03,Loyalty Rewards,App,2,1921.73,0.1,3459.11,0,0,2025-03,3459.11
O00296,C0238,2025-04-13,32,Delhi,P06,Sports,CMP01,Summer Sale,Email,5,1801.91,0.0,9009.55,1,0,2025-04,9009.55
O00297,C0324,2025-09-22,42,Mumbai,P03,Fashion,CMP06,Win Back Campaign,SMS,5,922.31,0.1,4150.39,0,0,2025-09,4150.39
O00298,C0590,2025-04-22,55,Kolkata,P04,Beauty,CMP03,Loyalty Rewards,App,1,1117.53,0.05,1061.65,0,0,2025-04,1061.65
O00299,C0365,2025-03-30,26,Delhi,P05,Grocery,CMP03,Loyalty Rewards,App,2,700.64,0.0,1401.28,1,1,2025-03,1401.28
O00300,C0462,2025-07-20,38,Kolkata,P06,Sports,CMP03,Loyalty Rewards,App,1,1719.12,0.2,1375.3,0,0,2025-07,1375.3
O00301,C0516,2025-11-28,40,Mumbai,P05,Grocery,CMP06,Win Back Campaign,SMS,1,535.6,0.0,535.6,0,0,2025-11,535.6
O00302,C0313,2025-12-27,24,Chennai,P04,Beauty,CMP01,Summer Sale,Email,3,1039.38,0.15,2650.42,0,0,2025-12,2650.42
O00303,C0600,2025-11-01,49,Hyderabad,P04,Beauty,CMP05,Weekend Flash Sale,Email,3,1113.89,0.0,3341.67,1,0,2025-11,3341.67
O00304,C0175,2025-01-14,29,Chennai,P05,Grocery,CMP03,Loyalty Rewards,App,6,746.32,0.1,4030.13,0,0,2025-01,4030.13
O00305,C0507,2025-03-19,34,Kolkata,P01,Electronics,CMP04,New Customer Offer,Social Media,2,4304.26,0.05,8178.09,0,0,2025-03,8178.09
O00306,C0455,2025-10-27,46,Patna,P05,Grocery,CMP02,Festival Offer,SMS,4,642.73,0.0,2570.92,0,0,2025-10,2570.92
O00307,C0529,2025-03-27,53,Patna,P02,Home,CMP06,Win Back Campaign,SMS,2,1829.95,0.2,2927.92,0,0,2025-03,2927.92
O00308,C0303,2025-01-16,56,Pune,P01,Electronics,CMP04,New Customer Offer,Social Media,1,5240.88,0.1,4716.79,0,0,2025-01,4716.79
O00309,C0023,2025-05-29,60,Mumbai,P06,Sports,CMP05,Weekend Flash Sale,Email,1,1911.56,0.0,1911.56,0,0,2025-05,1911.56
O00310,C0205,2025-06-07,21,Kolkata,P01,Electronics,CMP04,New Customer Offer,Social Media,2,3372.28,0.1,6070.1,0,0,2025-06,6070.1
O00311,C0293,2025-09-23,20,Pune,P05,Grocery,CMP05,Weekend Flash Sale,Email,1,775.94,0.15,659.55,0,0,2025-09,659.55
O00312,C0156,2025-10-10,41,Kolkata,P02,Home,CMP06,Win Back Campaign,SMS,3,1405.92,0.05,4006.87,0,0,2025-10,4006.87
O00313,C0487,2025-04-11,47,Hyderabad,P06,Sports,CMP05,Weekend Flash Sale,Email,3,1295.14,0.0,3885.42,0,0,2025-04,3885.42
O00314,C0405,2025-06-16,51,Bengaluru,P04,Beauty,CMP05,Weekend Flash Sale,Email,4,767.41,0.0,3069.64,0,0,2025-06,3069.64
O00315,C0421,2025-07-28,44,Mumbai,P02,Home,CMP04,New Customer Offer,Social Media,1,1351.98,0.1,1216.78,1,0,2025-07,1216.78
O00316,C0549,2025-12-19,38,Mumbai,P06,Sports,CMP06,Win Back Campaign,SMS,1,1632.5,0.15,1387.62,0,0,2025-12,1387.62
O00317,C0237,2025-01-24,46,Bengaluru,P01,Electronics,CMP04,New Customer Offer,Social Media,4,3841.39,0.05,14597.28,0,0,2025-01,14597.28
O00318,C0562,2025-06-17,22,Patna,P01,Electronics,CMP04,New Customer Offer,Social Media,3,4734.77,0.0,14204.31,0,0,2025-06,14204.31
O00319,C0007,2025-07-24,30,Delhi,P01,Electronics,CMP02,Festival Offer,SMS,2,5071.64,0.1,9128.95,0,0,2025-07,9128.95
O00320,C0352,2025-10-31,56,Bengaluru,P01,Electronics,CMP01,Summer Sale,Email,3,3492.91,0.1,9430.86,0,0,2025-10,9430.86
O00321,C0428,2025-03-22,43,Delhi,P02,Home,CMP04,New Customer Offer,Social Media,1,1941.1,0.0,1941.1,0,0,2025-03,1941.1
O00322,C0519,2025-04-28,49,Bengaluru,P02,Home,CMP04,New Customer Offer,Social Media,4,1894.54,0.05,7199.25,1,1,2025-04,7199.25
O00323,C0554,2025-05-28,43,Kolkata,P06,Sports,CMP05,Weekend Flash Sale,Email,2,1922.39,0.15,3268.06,0,0,2025-05,3268.06
O00324,C0350,2025-10-16,28,Delhi,P03,Fashion,CMP05,Weekend Flash Sale,Email,5,1224.83,0.05,5817.94,1,0,2025-10,5817.94
O00325,C0574,2025-02-21,29,Mumbai,P05,Grocery,CMP05,Weekend Flash Sale,Email,2,567.85,0.0,1135.7,0,0,2025-02,1135.7
O00326,C0346,2025-03-18,56,Patna,P05,Grocery,CMP06,Win Back Campaign,SMS,4,500.05,0.15,1700.17,0,0,2025-03,1700.17
O00327,C0032,2025-06-13,31,Bengaluru,P05,Grocery,CMP03,Loyalty Rewards,App,1,753.14,0.1,677.83,0,0,2025-06,677.83
O00328,C0178,2025-03-11,42,Chennai,P04,Beauty,CMP05,Weekend Flash Sale,Email,5,1144.48,0.1,5150.16,0,0,2025-03,5150.16
O00329,C0570,2025-10-11,30,Hyderabad,P06,Sports,CMP01,Summer Sale,Email,4,1207.67,0.1,4347.61,0,0,2025-10,4347.61
O00330,C0402,2025-10-02,22,Delhi,P03,Fashion,CMP02,Festival Offer,SMS,5,922.79,0.1,4152.56,1,1,2025-10,4152.56
O00331,C0417,2025-08-21,58,Bengaluru,P02,Home,CMP06,Win Back Campaign,SMS,2,2081.91,0.15,3539.25,1,0,2025-08,3539.25
O00332,C0205,2025-04-13,44,Mumbai,P06,Sports,CMP06,Win Back Campaign,SMS,4,1341.14,0.2,4291.65,0,0,2025-04,4291.65
O00333,C0316,2025-01-14,41,Kolkata,P01,Electronics,CMP02,Festival Offer,SMS,6,4028.0,0.1,21751.2,0,0,2025-01,21751.2
O00334,C0535,2025-04-06,49,Mumbai,P01,Electronics,CMP03,Loyalty Rewards,App,3,4306.0,0.0,12918.0,1,1,2025-04,12918.0
O00335,C0542,2025-05-25,41,Hyderabad,P05,Grocery,CMP02,Festival Offer,SMS,1,771.25,0.15,655.56,0,0,2025-05,655.56
O00336,C0158,2025-04-19,25,Hyderabad,P06,Sports,CMP03,Loyalty Rewards,App,2,1916.38,0.0,3832.76,1,0,2025-04,3832.76
O00337,C0538,2025-02-01,45,Bengaluru,P05,Grocery,CMP06,Win Back Campaign,SMS,2,568.43,0.15,966.33,0,0,2025-02,966.33
O00338,C0621,2025-02-15,49,Patna,P01,Electronics,CMP02,Festival Offer,SMS,1,4552.23,0.05,4324.62,1,0,2025-02,4324.62
O00339,C0433,2025-07-22,60,Pune,P02,Home,CMP06,Win Back Campaign,SMS,4,2157.0,0.05,8196.6,0,0,2025-07,8196.6
O00340,C0265,2025-12-01,30,Chennai,P02,Home,CMP05,Weekend Flash Sale,Email,5,1761.14,0.2,7044.56,1,1,2025-12,7044.56
O00341,C0462,2025-05-14,51,Chennai,P01,Electronics,CMP03,Loyalty Rewards,App,2,4171.36,0.2,6674.18,0,0,2025-05,6674.18
O00342,C0067,2025-09-22,44,Patna,P02,Home,CMP05,Weekend Flash Sale,Email,2,1443.77,0.1,2598.79,0,0,2025-09,2598.79
O00343,C0482,2025-08-07,26,Kolkata,P06,Sports,CMP03,Loyalty Rewards,App,3,1294.99,0.0,3884.97,1,0,2025-08,3884.97
O00344,C0095,2025-08-11,20,Kolkata,P04,Beauty,CMP04,New Customer Offer,Social Media,1,836.55,0.2,669.24,0,0,2025-08,669.24
O00345,C0296,2025-03-08,23,Bengaluru,P03,Fashion,CMP01,Summer Sale,Email,2,1022.99,0.0,2045.98,0,0,2025-03,2045.98
O00346,C0288,2025-05-01,33,Pune,P03,Fashion,CMP05,Weekend Flash Sale,Email,2,1469.7,0.1,2645.46,0,0,2025-05,2645.46
O00347,C0599,2025-11-10,25,Mumbai,P04,Beauty,CMP03,Loyalty Rewards,App,1,840.89,0.15,714.76,1,1,2025-11,714.76
O00348,C0180,2025-01-07,37,Bengaluru,P03,Fashion,CMP06,Win Back Campaign,SMS,2,918.68,0.0,1837.36,1,1,2025-01,1837.36
O00349,C0295,2025-08-02,59,Mumbai,P06,Sports,CMP06,Win Back Campaign,SMS,1,1423.87,0.0,1423.87,1,0,2025-08,1423.87
O00350,C0340,2025-01-07,45,Delhi,P06,Sports,CMP05,Weekend Flash Sale,Email,4,1962.2,0.0,7848.8,1,1,2025-01,7848.8
O00351,C0355,2025-01-27,36,Kolkata,P05,Grocery,CMP05,Weekend Flash Sale,Email,1,747.29,0.1,672.56,1,1,2025-01,672.56
O00352,C0416,2025-04-06,28,Bengaluru,P01,Electronics,CMP01,Summer Sale,Email,4,3671.33,0.1,13216.79,1,1,2025-04,13216.79
O00353,C0524,2025-10-04,29,Bengaluru,P01,Electronics,CMP06,Win Back Campaign,SMS,9,3219.07,0.2,23177.3,0,0,2025-10,23177.3
O00354,C0367,2025-03-20,47,Kolkata,P04,Beauty,CMP01,Summer Sale,Email,10,754.48,0.1,6790.32,0,0,2025-03,6790.32
O00355,C0378,2025-08-03,40,Kolkata,P03,Fashion,CMP05,Weekend Flash Sale,Email,4,1479.0,0.0,5916.0,1,1,2025-08,5916.0
O00356,C0449,2025-02-12,36,Mumbai,P06,Sports,CMP01,Summer Sale,Email,1,1559.91,0.0,1559.91,0,0,2025-02,1559.91
O00357,C0118,2025-02-26,29,Delhi,P04,Beauty,CMP01,Summer Sale,Email,4,1078.74,0.0,4314.96,0,0,2025-02,4314.96
O00358,C0028,2025-04-23,58,Mumbai,P06,Sports,CMP02,Festival Offer,SMS,9,1638.81,0.1,13274.36,0,0,2025-04,13274.36
O00359,C0434,2025-04-05,23,Chennai,P03,Fashion,CMP04,New Customer Offer,Social Media,1,1253.8,0.15,1065.73,1,1,2025-04,1065.73
O00360,C0118,2025-08-06,46,Delhi,P04,Beauty,CMP01,Summer Sale,Email,2,988.57,0.2,1581.71,0,0,2025-08,1581.71
O00361,C0422,2025-11-11,53,Mumbai,P05,Grocery,CMP04,New Customer Offer,Social Media,1,685.75,0.1,617.18,0,0,2025-11,617.18
O00362,C0467,2025-11-06,25,Delhi,P01,Electronics,CMP03,Loyalty Rewards,App,1,3852.73,0.1,3467.46,0,0,2025-11,3467.46
O00363,C0548,2025-01-03,25,Delhi,P06,Sports,CMP06,Win Back Campaign,SMS,1,1627.5,0.05,1546.12,0,0,2025-01,1546.12
O00364,C0221,2025-11-10,42,Patna,P06,Sports,CMP04,New Customer Offer,Social Media,2,1348.8,0.1,2427.84,0,0,2025-11,2427.84
O00365,C0144,2025-12-02,59,Bengaluru,P02,Home,CMP05,Weekend Flash Sale,Email,1,1941.08,0.0,1941.08,0,0,2025-12,1941.08
O00366,C0571,2025-09-13,31,Kolkata,P03,Fashion,CMP03,Loyalty Rewards,App,1,1212.29,0.05,1151.68,1,0,2025-09,1151.68
O00367,C0566,2025-03-29,28,Hyderabad,P04,Beauty,CMP05,Weekend Flash Sale,Email,2,917.84,0.1,1652.11,0,0,2025-03,1652.11
O00368,C0233,2025-04-12,58,Patna,P02,Home,CMP03,Loyalty Rewards,App,1,2245.57,0.1,2021.01,0,0,2025-04,2021.01
O00369,C0139,2025-12-09,37,Bengaluru,P01,Electronics,CMP03,Loyalty Rewards,App,2,3334.98,0.15,5669.47,1,1,2025-12,5669.47
O00370,C0316,2025-08-03,26,Mumbai,P01,Electronics,CMP02,Festival Offer,SMS,1,4510.86,0.15,3834.23,0,0,2025-08,3834.23
O00371,C0063,2025-03-25,53,Patna,P02,Home,CMP02,Festival Offer,SMS,2,1893.59,0.2,3029.74,1,1,2025-03,3029.74
O00372,C0027,2025-11-02,57,Bengaluru,P02,Home,CMP05,Weekend Flash Sale,Email,3,1903.05,0.05,5423.69,1,0,2025-11,5423.69
O00373,C0312,2025-11-01,60,Delhi,P06,Sports,CMP05,Weekend Flash Sale,Email,3,1562.6,0.15,3984.63,0,0,2025-11,3984.63
O00374,C0624,2025-01-30,56,Pune,P06,Sports,CMP05,Weekend Flash Sale,Email,2,1623.18,0.0,3246.36,1,0,2025-01,3246.36
O00375,C0501,2025-03-02,46,Mumbai,P05,Grocery,CMP03,Loyalty Rewards,App,2,758.33,0.2,1213.33,0,0,2025-03,1213.33
O00376,C0352,2025-11-14,55,Kolkata,P03,Fashion,CMP03,Loyalty Rewards,App,1,1126.67,0.05,1070.34,0,0,2025-11,1070.34
O00377,C0493,2025-12-21,46,Chennai,P04,Beauty,CMP03,Loyalty Rewards,App,2,847.23,0.05,1609.74,0,0,2025-12,1609.74
O00378,C0091,2025-06-13,33,Mumbai,P06,Sports,CMP06,Win Back Campaign,SMS,8,1401.94,0.0,11215.52,1,0,2025-06,11215.52
O00379,C0080,2025-09-18,44,Bengaluru,P05,Grocery,CMP02,Festival Offer,SMS,1,618.53,0.1,556.68,0,0,2025-09,556.68
O00380,C0023,2025-10-30,49,Chennai,P01,Electronics,CMP04,New Customer Offer,Social Media,2,3919.55,0.05,7447.14,1,1,2025-10,7447.14
O00381,C0187,2025-09-30,32,Hyderabad,P05,Grocery,CMP04,New Customer Offer,Social Media,3,558.33,0.0,1674.99,0,0,2025-09,1674.99
O00382,C0570,2025-10-10,31,Pune,P05,Grocery,CMP06,Win Back Campaign,SMS,2,753.02,0.15,1280.13,0,0,2025-10,1280.13
O00383,C0247,2025-02-03,45,Mumbai,P06,Sports,CMP05,Weekend Flash Sale,Email,2,1343.86,0.1,2418.95,0,0,2025-02,2418.95
O00384,C0226,2025-06-28,60,Mumbai,P06,Sports,CMP06,Win Back Campaign,SMS,1,1653.39,0.05,1570.72,0,0,2025-06,1570.72
O00385,C0518,2025-12-24,55,Hyderabad,P01,Electronics,CMP04,New Customer Offer,Social Media,1,3353.72,0.2,2682.98,0,0,2025-12,2682.98
O00386,C0127,2025-07-07,51,Patna,P04,Beauty,CMP01,Summer Sale,Email,12,1066.45,0.1,11517.66,0,0,2025-07,11517.66
O00387,C0640,2025-10-01,22,Kolkata,P06,Sports,CMP02,Festival Offer,SMS,1,1264.19,0.05,1200.98,0,0,2025-10,1200.98
O00388,C0360,2025-10-01,28,Pune,P03,Fashion,CMP05,Weekend Flash Sale,Email,1,1387.36,0.15,1179.26,0,0,2025-10,1179.26
O00389,C0438,2025-02-07,60,Bengaluru,P05,Grocery,CMP02,Festival Offer,SMS,1,689.3,0.1,620.37,0,0,2025-02,620.37
O00390,C0136,2025-11-13,23,Chennai,P05,Grocery,CMP04,New Customer Offer,Social Media,2,569.59,0.05,1082.22,0,0,2025-11,1082.22
O00391,C0544,2025-07-05,33,Kolkata,P05,Grocery,CMP01,Summer Sale,Email,2,676.62,0.0,1353.24,0,0,2025-07,1353.24
O00392,C0584,2025-11-22,33,Bengaluru,P06,Sports,CMP06,Win Back Campaign,SMS,2,1594.95,0.0,3189.9,1,1,2025-11,3189.9
O00393,C0349,2025-12-17,50,Pune,P02,Home,CMP02,Festival Offer,SMS,2,1482.1,0.0,2964.2,1,1,2025-12,2964.2
O00394,C0050,2025-02-18,51,Bengaluru,P03,Fashion,CMP01,Summer Sale,Email,1,1494.24,0.0,1494.24,0,0,2025-02,1494.24
O00395,C0361,2025-02-26,42,Patna,P02,Home,CMP03,Loyalty Rewards,App,1,1378.49,0.0,1378.49,0,0,2025-02,1378.49
O00396,C0256,2025-04-01,25,Chennai,P05,Grocery,CMP05,Weekend Flash Sale,Email,2,580.97,0.05,1103.84,1,1,2025-04,1103.84
O00397,C0517,2025-01-13,60,Mumbai,P01,Electronics,CMP02,Festival Offer,SMS,5,4954.17,0.05,23532.31,1,0,2025-01,23532.31
O00398,C0552,2025-08-26,39,Hyderabad,P05,Grocery,CMP04,New Customer Offer,Social Media,5,539.17,0.15,2291.47,0,0,2025-08,2291.47
O00399,C0581,2025-08-07,49,Bengaluru,P04,Beauty,CMP05,Weekend Flash Sale,Email,2,1112.69,0.15,1891.57,1,0,2025-08,1891.57
O00400,C0613,2025-11-02,39,Hyderabad,P01,Electronics,CMP04,New Customer Offer,Social Media,5,3424.77,0.15,14555.27,0,0,2025-11,14555.27
O00401,C0405,2025-03-08,44,Mumbai,P05,Grocery,CMP03,Loyalty Rewards,App,3,597.92,0.1,1614.38,0,0,2025-03,1614.38
O00402,C0141,2025-05-19,38,Mumbai,P01,Electronics,CMP03,Loyalty Rewards,App,2,4664.23,0.1,8395.61,1,1,2025-05,8395.61
O00403,C0161,2025-09-18,25,Hyderabad,P04,Beauty,CMP04,New Customer Offer,Social Media,4,791.95,0.15,2692.63,0,0,2025-09,2692.63
O00404,C0121,2025-09-09,34,Bengaluru,P01,Electronics,CMP03,Loyalty Rewards,App,1,4390.77,0.0,4390.77,0,0,2025-09,4390.77
O00405,C0094,2025-09-12,32,Mumbai,P06,Sports,CMP02,Festival Offer,SMS,3,1625.23,0.1,4388.12,0,0,2025-09,4388.12
O00406,C0530,2025-06-07,23,Pune,P05,Grocery,CMP01,Summer Sale,Email,1,703.33,0.0,703.33,0,0,2025-06,703.33
O00407,C0164,2025-11-13,51,Pune,P05,Grocery,CMP04,New Customer Offer,Social Media,1,709.87,0.1,638.88,1,0,2025-11,638.88
O00408,C0484,2025-02-17,60,Kolkata,P04,Beauty,CMP03,Loyalty Rewards,App,1,874.62,0.1,787.16,0,0,2025-02,787.16
O00409,C0259,2025-01-30,58,Delhi,P02,Home,CMP05,Weekend Flash Sale,Email,2,1869.54,0.1,3365.17,1,1,2025-01,3365.17
O00410,C0167,2025-09-11,25,Mumbai,P06,Sports,CMP05,Weekend Flash Sale,Email,4,1739.28,0.05,6609.26,0,0,2025-09,6609.26
O00411,C0080,2025-03-01,31,Mumbai,P06,Sports,CMP02,Festival Offer,SMS,4,1879.86,0.15,6391.52,1,0,2025-03,6391.52
O00412,C0626,2025-06-19,50,Patna,P02,Home,CMP01,Summer Sale,Email,3,1580.36,0.05,4504.03,0,0,2025-06,4504.03
O00413,C0003,2025-07-20,25,Chennai,P04,Beauty,CMP03,Loyalty Rewards,App,2,819.34,0.1,1474.81,0,0,2025-07,1474.81
O00414,C0469,2025-09-13,46,Mumbai,P04,Beauty,CMP02,Festival Offer,SMS,3,1086.71,0.1,2934.12,0,0,2025-09,2934.12
O00415,C0008,2025-11-06,35,Pune,P06,Sports,CMP01,Summer Sale,Email,1,1269.14,0.05,1205.68,0,0,2025-11,1205.68
O00416,C0392,2025-01-09,55,Kolkata,P02,Home,CMP06,Win Back Campaign,SMS,5,1762.55,0.05,8372.11,0,0,2025-01,8372.11
O00417,C0051,2025-01-17,51,Hyderabad,P03,Fashion,CMP05,Weekend Flash Sale,Email,3,957.54,0.15,2441.73,0,0,2025-01,2441.73
O00418,C0563,2025-05-08,25,Mumbai,P06,Sports,CMP03,Loyalty Rewards,App,1,1484.02,0.05,1409.82,0,0,2025-05,1409.82
O00419,C0355,2025-01-27,25,Bengaluru,P06,Sports,CMP03,Loyalty Rewards,App,1,1632.77,0.0,1632.77,0,0,2025-01,1632.77
O00420,C0317,2025-12-12,51,Pune,P03,Fashion,CMP03,Loyalty Rewards,App,2,1071.77,0.15,1822.01,0,0,2025-12,1822.01
O00421,C0075,2025-10-08,49,Chennai,P06,Sports,CMP06,Win Back Campaign,SMS,1,1478.68,0.1,1330.81,0,0,2025-10,1330.81
O00422,C0225,2025-09-22,36,Mumbai,P05,Grocery,CMP02,Festival Offer,SMS,1,714.94,0.1,643.45,1,1,2025-09,643.45
O00423,C0547,2025-01-26,55,Hyderabad,P02,Home,CMP05,Weekend Flash Sale,Email,1,1704.64,0.1,1534.18,1,1,2025-01,1534.18
O00424,C0051,2025-02-18,23,Chennai,P02,Home,CMP01,Summer Sale,Email,2,1684.41,0.0,3368.82,0,0,2025-02,3368.82
O00425,C0465,2025-11-13,28,Chennai,P04,Beauty,CMP01,Summer Sale,Email,2,819.51,0.1,1475.12,0,0,2025-11,1475.12
O00426,C0286,2025-03-16,49,Chennai,P01,Electronics,CMP01,Summer Sale,Email,4,4738.99,0.05,18008.16,0,0,2025-03,18008.16
O00427,C0414,2025-08-26,26,Bengaluru,P06,Sports,CMP01,Summer Sale,Email,1,1592.91,0.05,1513.26,0,0,2025-08,1513.26
O00428,C0461,2025-03-21,53,Patna,P01,Electronics,CMP05,Weekend Flash Sale,Email,4,4260.99,0.0,17043.96,1,1,2025-03,17043.96
O00429,C0203,2025-03-21,57,Patna,P01,Electronics,CMP03,Loyalty Rewards,App,1,3915.58,0.05,3719.8,0,0,2025-03,3719.8
O00430,C0031,2025-04-06,46,Bengaluru,P05,Grocery,CMP01,Summer Sale,Email,6,591.04,0.2,2836.99,1,1,2025-04,2836.99
O00431,C0186,2025-02-27,36,Kolkata,P06,Sports,CMP06,Win Back Campaign,SMS,2,1405.17,0.0,2810.34,0,0,2025-02,2810.34
O00432,C0108,2025-05-12,38,Pune,P06,Sports,CMP06,Win Back Campaign,SMS,1,1702.57,0.0,1702.57,0,0,2025-05,1702.57
O00433,C0511,2025-02-01,46,Mumbai,P03,Fashion,CMP04,New Customer Offer,Social Media,3,1096.34,0.0,3289.02,0,0,2025-02,3289.02
O00434,C0486,2025-09-25,54,Chennai,P02,Home,CMP06,Win Back Campaign,SMS,1,2052.71,0.05,1950.07,0,0,2025-09,1950.07
O00435,C0222,2025-08-08,33,Kolkata,P02,Home,CMP04,New Customer Offer,Social Media,6,1759.07,0.0,10554.42,0,0,2025-08,10554.42
O00436,C0164,2025-06-13,28,Mumbai,P04,Beauty,CMP06,Win Back Campaign,SMS,3,1040.88,0.0,3122.64,1,1,2025-06,3122.64
O00437,C0123,2025-06-16,37,Patna,P05,Grocery,CMP01,Summer Sale,Email,3,783.12,0.15,1996.96,0,0,2025-06,1996.96
O00438,C0531,2025-08-27,33,Mumbai,P01,Electronics,CMP05,Weekend Flash Sale,Email,9,3281.79,0.05,28059.3,0,0,2025-08,28059.3
O00439,C0144,2025-05-27,20,Hyderabad,P03,Fashion,CMP06,Win Back Campaign,SMS,2,1305.34,0.15,2219.08,0,0,2025-05,2219.08
O00440,C0452,2025-09-20,32,Mumbai,P03,Fashion,CMP06,Win Back Campaign,SMS,6,1385.88,0.15,7067.99,1,1,2025-09,7067.99
O00441,C0364,2025-07-08,47,Chennai,P01,Electronics,CMP02,Festival Offer,SMS,2,3344.01,0.05,6353.62,1,1,2025-07,6353.62
O00442,C0177,2025-05-14,29,Bengaluru,P06,Sports,CMP04,New Customer Offer,Social Media,1,1948.35,0.05,1850.93,0,0,2025-05,1850.93
O00443,C0061,2025-10-18,22,Chennai,P03,Fashion,CMP05,Weekend Flash Sale,Email,3,1067.51,0.05,3042.4,1,1,2025-10,3042.4
O00444,C0085,2025-02-27,50,Kolkata,P01,Electronics,CMP06,Win Back Campaign,SMS,2,3151.57,0.1,5672.83,1,0,2025-02,5672.83
O00445,C0512,2025-10-29,43,Patna,P02,Home,CMP05,Weekend Flash Sale,Email,1,1601.78,0.0,1601.78,1,1,2025-10,1601.78
O00446,C0438,2025-11-14,20,Delhi,P02,Home,CMP06,Win Back Campaign,SMS,5,1388.27,0.15,5900.15,0,0,2025-11,5900.15
O00447,C0041,2025-09-23,39,Kolkata,P05,Grocery,CMP01,Summer Sale,Email,1,498.97,0.0,498.97,1,1,2025-09,498.97
O00448,C0364,2025-08-20,57,Pune,P06,Sports,CMP06,Win Back Campaign,SMS,1,1403.59,0.15,1193.05,0,0,2025-08,1193.05
O00449,C0484,2025-09-28,50,Chennai,P01,Electronics,CMP06,Win Back Campaign,SMS,3,4541.41,0.2,10899.38,0,0,2025-09,10899.38
O00450,C0046,2025-08-30,59,Pune,P03,Fashion,CMP03,Loyalty Rewards,App,3,1237.62,0.1,3341.57,0,0,2025-08,3341.57
O00451,C0168,2025-03-10,47,Bengaluru,P01,Electronics,CMP04,New Customer Offer,Social Media,2,4108.06,0.1,7394.51,0,0,2025-03,7394.51
O00452,C0433,2025-04-23,21,Delhi,P01,Electronics,CMP04,New Customer Offer,Social Media,5,3582.9,0.0,17914.5,1,1,2025-04,17914.5
O00453,C0366,2025-10-12,23,Patna,P06,Sports,CMP03,Loyalty Rewards,App,3,1834.26,0.0,5502.78,1,1,2025-10,5502.78
O00454,C0477,2025-02-26,41,Chennai,P02,Home,CMP03,Loyalty Rewards,App,5,2227.15,0.1,10022.18,0,0,2025-02,10022.18
O00455,C0435,2025-05-02,39,Chennai,P01,Electronics,CMP01,Summer Sale,Email,1,3910.12,0.0,3910.12,1,1,2025-05,3910.12
O00456,C0140,2025-09-05,41,Kolkata,P01,Electronics,CMP06,Win Back Campaign,SMS,6,4411.98,0.0,26471.88,0,0,2025-09,26471.88
O00457,C0243,2025-03-30,47,Mumbai,P06,Sports,CMP04,New Customer Offer,Social Media,2,1395.75,0.15,2372.78,0,0,2025-03,2372.78
O00458,C0474,2025-05-30,47,Bengaluru,P05,Grocery,CMP05,Weekend Flash Sale,Email,1,538.33,0.15,457.58,0,0,2025-05,457.58
O00459,C0628,2025-03-29,58,Bengaluru,P03,Fashion,CMP03,Loyalty Rewards,App,2,1496.64,0.0,2993.28,0,0,2025-03,2993.28
O00460,C0624,2025-04-28,27,Patna,P01,Electronics,CMP02,Festival Offer,SMS,6,4886.17,0.1,26385.32,0,0,2025-04,26385.32
O00461,C0532,2025-10-28,43,Mumbai,P06,Sports,CMP05,Weekend Flash Sale,Email,3,1840.8,0.0,5522.4,0,0,2025-10,5522.4
O00462,C0297,2025-12-30,46,Pune,P03,Fashion,CMP06,Win Back Campaign,SMS,3,1389.85,0.1,3752.59,0,0,2025-12,3752.59
O00463,C0366,2025-12-05,20,Chennai,P05,Grocery,CMP04,New Customer Offer,Social Media,1,728.98,0.05,692.53,0,0,2025-12,692.53
O00464,C0565,2025-04-17,56,Delhi,P02,Home,CMP05,Weekend Flash Sale,Email,4,1860.32,0.05,7069.22,0,0,2025-04,7069.22
O00465,C0143,2025-10-07,32,Delhi,P03,Fashion,CMP02,Festival Offer,SMS,5,1366.89,0.0,6834.45,0,0,2025-10,6834.45
O00466,C0131,2025-10-21,52,Chennai,P02,Home,CMP03,Loyalty Rewards,App,2,1837.09,0.1,3306.76,1,1,2025-10,3306.76
O00467,C0264,2025-06-03,52,Pune,P01,Electronics,CMP03,Loyalty Rewards,App,5,3845.85,0.0,19229.25,0,0,2025-06,19229.25
O00468,C0251,2025-03-20,37,Hyderabad,P04,Beauty,CMP02,Festival Offer,SMS,2,928.21,0.0,1856.42,1,0,2025-03,1856.42
O00469,C0562,2025-09-04,33,Chennai,P01,Electronics,CMP06,Win Back Campaign,SMS,2,3474.09,0.1,6253.36,1,1,2025-09,6253.36
O00470,C0074,2025-08-12,23,Kolkata,P02,Home,CMP06,Win Back Campaign,SMS,3,1581.91,0.2,3796.58,0,0,2025-08,3796.58
O00471,C0122,2025-06-18,58,Hyderabad,P03,Fashion,CMP03,Loyalty Rewards,App,2,1449.15,0.0,2898.3,0,0,2025-06,2898.3
O00472,C0464,2025-04-28,51,Bengaluru,P04,Beauty,CMP05,Weekend Flash Sale,Email,3,1107.22,0.1,2989.49,1,0,2025-04,2989.49
O00473,C0403,2025-10-11,44,Kolkata,P02,Home,CMP06,Win Back Campaign,SMS,9,2206.02,0.1,17868.76,1,0,2025-10,17868.76
O00474,C0623,2025-01-17,26,Patna,P02,Home,CMP03,Loyalty Rewards,App,1,1402.44,0.1,1262.2,1,0,2025-01,1262.2
O00475,C0493,2025-11-13,39,Patna,P01,Electronics,CMP05,Weekend Flash Sale,Email,2,4352.3,0.0,8704.6,0,0,2025-11,8704.6
O00476,C0038,2025-02-19,49,Bengaluru,P03,Fashion,CMP05,Weekend Flash Sale,Email,4,1271.96,0.0,5087.84,1,0,2025-02,5087.84
O00477,C0548,2025-05-14,27,Bengaluru,P06,Sports,CMP02,Festival Offer,SMS,2,1733.18,0.0,3466.36,0,0,2025-05,3466.36
O00478,C0522,2025-01-13,22,Mumbai,P01,Electronics,CMP03,Loyalty Rewards,App,7,4787.93,0.0,33515.51,0,0,2025-01,33515.51
O00479,C0142,2025-02-24,46,Chennai,P04,Beauty,CMP04,New Customer Offer,Social Media,1,938.08,0.1,844.27,1,1,2025-02,844.27
O00480,C0116,2025-05-13,55,Pune,P04,Beauty,CMP02,Festival Offer,SMS,3,866.13,0.1,2338.55,0,0,2025-05,2338.55
O00481,C0215,2025-08-02,25,Chennai,P03,Fashion,CMP05,Weekend Flash Sale,Email,4,1083.55,0.05,4117.49,0,0,2025-08,4117.49
O00482,C0172,2025-04-07,29,Mumbai,P01,Electronics,CMP04,New Customer Offer,Social Media,3,3920.27,0.0,11760.81,0,0,2025-04,11760.81
O00483,C0489,2025-12-18,27,Pune,P06,Sports,CMP03,Loyalty Rewards,App,1,1239.32,0.05,1177.35,0,0,2025-12,1177.35
O00484,C0176,2025-09-02,24,Delhi,P05,Grocery,CMP01,Summer Sale,Email,5,625.66,0.1,2815.47,0,0,2025-09,2815.47
O00485,C0291,2025-03-07,55,Chennai,P02,Home,CMP04,New Customer Offer,Social Media,5,1391.8,0.0,6959.0,1,1,2025-03,6959.0
O00486,C0084,2025-12-05,22,Kolkata,P02,Home,CMP03,Loyalty Rewards,App,1,1509.6,0.1,1358.64,1,0,2025-12,1358.64
O00487,C0276,2025-11-03,28,Pune,P04,Beauty,CMP06,Win Back Campaign,SMS,1,927.68,0.05,881.3,0,0,2025-11,881.3
O00488,C0378,2025-12-04,28,Chennai,P05,Grocery,CMP06,Win Back Campaign,SMS,3,758.15,0.1,2047.0,0,0,2025-12,2047.0
O00489,C0033,2025-09-02,44,Kolkata,P03,Fashion,CMP04,New Customer Offer,Social Media,1,1204.31,0.05,1144.09,0,0,2025-09,1144.09
O00490,C0636,2025-04-09,34,Mumbai,P03,Fashion,CMP03,Loyalty Rewards,App,2,1112.8,0.1,2003.04,0,0,2025-04,2003.04
O00491,C0588,2025-09-02,29,Mumbai,P01,Electronics,CMP05,Weekend Flash Sale,Email,1,3782.97,0.0,3782.97,0,0,2025-09,3782.97
O00492,C0070,2025-12-28,58,Bengaluru,P01,Electronics,CMP05,Weekend Flash Sale,Email,5,3433.23,0.15,14591.23,0,0,2025-12,14591.23
O00493,C0001,2025-11-21,20,Bengaluru,P04,Beauty,CMP03,Loyalty Rewards,App,2,774.14,0.0,1548.28,0,0,2025-11,1548.28
O00494,C0417,2025-03-04,47,Kolkata,P03,Fashion,CMP05,Weekend Flash Sale,Email,3,1388.81,0.05,3958.11,1,0,2025-03,3958.11
O00495,C0442,2025-04-10,31,Kolkata,P03,Fashion,CMP05,Weekend Flash Sale,Email,5,1464.83,0.05,6957.94,0,0,2025-04,6957.94
O00496,C0569,2025-06-30,38,Kolkata,P02,Home,CMP06,Win Back Campaign,SMS,3,2246.15,0.1,6064.6,0,0,2025-06,6064.6
O00497,C0632,2025-03-18,42,Bengaluru,P06,Sports,CMP03,Loyalty Rewards,App,2,1307.68,0.0,2615.36,0,0,2025-03,2615.36
O00498,C0577,2025-09-11,57,Chennai,P01,Electronics,CMP06,Win Back Campaign,SMS,1,3198.73,0.1,2878.86,1,1,2025-09,2878.86
O00499,C0131,2025-01-10,40,Patna,P04,Beauty,CMP02,Festival Offer,SMS,6,833.94,0.05,4753.46,0,0,2025-01,4753.46
O00500,C0192,2025-10-02,24,Delhi,P02,Home,CMP03,Loyalty Rewards,App,9,2131.98,0.05,18228.43,0,0,2025-10,18228.43
O00501,C0507,2025-04-09,56,Chennai,P05,Grocery,CMP03,Loyalty Rewards,App,5,757.45,0.1,3408.52,0,0,2025-04,3408.52
O00502,C0306,2025-06-18,45,Chennai,P05,Grocery,CMP01,Summer Sale,Email,1,528.6,0.05,502.17,1,1,2025-06,502.17
O00503,C0610,2025-08-11,51,Kolkata,P05,Grocery,CMP05,Weekend Flash Sale,Email,1,688.76,0.0,688.76,1,1,2025-08,688.76
O00504,C0047,2025-10-24,42,Mumbai,P04,Beauty,CMP05,Weekend Flash Sale,Email,1,714.66,0.2,571.73,0,0,2025-10,571.73
O00505,C0567,2025-11-02,28,Mumbai,P01,Electronics,CMP05,Weekend Flash Sale,Email,4,4578.39,0.1,16482.2,0,0,2025-11,16482.2
O00506,C0052,2025-07-02,46,Pune,P06,Sports,CMP06,Win Back Campaign,SMS,1,1773.61,0.0,1773.61,0,0,2025-07,1773.61
O00507,C0577,2025-08-12,48,Chennai,P04,Beauty,CMP05,Weekend Flash Sale,Email,6,930.86,0.05,5305.9,0,0,2025-08,5305.9
O00508,C0520,2025-08-31,24,Pune,P02,Home,CMP01,Summer Sale,Email,1,2248.55,0.1,2023.7,0,0,2025-08,2023.7
O00509,C0365,2025-06-24,27,Patna,P06,Sports,CMP02,Festival Offer,SMS,5,1921.65,0.0,9608.25,0,0,2025-06,9608.25
O00510,C0043,2025-07-12,21,Delhi,P01,Electronics,CMP05,Weekend Flash Sale,Email,10,4626.88,0.0,46268.8,1,1,2025-07,46268.8
O00511,C0007,2025-01-18,33,Patna,P05,Grocery,CMP06,Win Back Campaign,SMS,1,544.56,0.05,517.33,0,0,2025-01,517.33
O00512,C0086,2025-02-02,41,Chennai,P05,Grocery,CMP06,Win Back Campaign,SMS,1,505.84,0.0,505.84,0,0,2025-02,505.84
O00513,C0549,2025-06-16,31,Delhi,P02,Home,CMP01,Summer Sale,Email,4,1364.63,0.0,5458.52,0,0,2025-06,5458.52
O00514,C0082,2025-11-01,30,Delhi,P02,Home,CMP06,Win Back Campaign,SMS,4,1522.35,0.0,6089.4,0,0,2025-11,6089.4
O00515,C0321,2025-12-06,55,Patna,P06,Sports,CMP04,New Customer Offer,Social Media,4,1913.04,0.05,7269.55,1,0,2025-12,7269.55
O00516,C0311,2025-10-22,32,Delhi,P05,Grocery,CMP02,Festival Offer,SMS,3,569.14,0.1,1536.68,1,0,2025-10,1536.68
O00517,C0156,2025-11-02,33,Kolkata,P01,Electronics,CMP06,Win Back Campaign,SMS,2,5146.4,0.1,9263.52,0,0,2025-11,9263.52
O00518,C0436,2025-11-01,24,Pune,P06,Sports,CMP05,Weekend Flash Sale,Email,1,1617.37,0.05,1536.5,0,0,2025-11,1536.5
O00519,C0156,2025-08-17,24,Chennai,P04,Beauty,CMP01,Summer Sale,Email,2,990.44,0.1,1782.79,0,0,2025-08,1782.79
O00520,C0605,2025-10-06,36,Mumbai,P06,Sports,CMP02,Festival Offer,SMS,4,1343.11,0.1,4835.2,0,0,2025-10,4835.2
O00521,C0135,2025-05-14,35,Patna,P06,Sports,CMP04,New Customer Offer,Social Media,3,1208.28,0.15,3081.11,0,0,2025-05,3081.11
O00522,C0042,2025-05-17,56,Delhi,P02,Home,CMP03,Loyalty Rewards,App,6,1903.91,0.1,10281.11,0,0,2025-05,10281.11
O00523,C0427,2025-04-05,56,Hyderabad,P03,Fashion,CMP02,Festival Offer,SMS,1,1420.7,0.05,1349.66,0,0,2025-04,1349.66
O00524,C0528,2025-01-31,46,Hyderabad,P01,Electronics,CMP04,New Customer Offer,Social Media,4,4036.58,0.05,15339.0,1,1,2025-01,15339.0
O00525,C0506,2025-10-29,59,Pune,P02,Home,CMP04,New Customer Offer,Social Media,2,1823.29,0.0,3646.58,0,0,2025-10,3646.58
O00526,C0305,2025-07-30,31,Delhi,P05,Grocery,CMP05,Weekend Flash Sale,Email,3,622.03,0.0,1866.09,0,0,2025-07,1866.09
O00527,C0464,2025-07-09,36,Bengaluru,P04,Beauty,CMP05,Weekend Flash Sale,Email,4,1059.94,0.1,3815.78,1,1,2025-07,3815.78
O00528,C0590,2025-12-24,33,Delhi,P06,Sports,CMP05,Weekend Flash Sale,Email,4,1565.43,0.05,5948.63,0,0,2025-12,5948.63
O00529,C0325,2025-04-06,60,Chennai,P04,Beauty,CMP05,Weekend Flash Sale,Email,1,944.73,0.15,803.02,1,0,2025-04,803.02
O00530,C0606,2025-02-26,40,Kolkata,P06,Sports,CMP06,Win Back Campaign,SMS,3,1736.52,0.05,4949.08,0,0,2025-02,4949.08
O00531,C0300,2025-06-28,28,Pune,P04,Beauty,CMP05,Weekend Flash Sale,Email,4,804.98,0.15,2736.93,0,0,2025-06,2736.93
O00532,C0510,2025-03-30,24,Kolkata,P06,Sports,CMP05,Weekend Flash Sale,Email,1,1687.39,0.0,1687.39,0,0,2025-03,1687.39
O00533,C0072,2025-09-21,50,Hyderabad,P05,Grocery,CMP04,New Customer Offer,Social Media,4,572.74,0.1,2061.86,0,0,2025-09,2061.86
O00534,C0068,2025-08-03,33,Delhi,P03,Fashion,CMP01,Summer Sale,Email,2,1407.99,0.0,2815.98,0,0,2025-08,2815.98
O00535,C0568,2025-07-02,38,Delhi,P02,Home,CMP04,New Customer Offer,Social Media,5,2017.98,0.0,10089.9,1,1,2025-07,10089.9
O00536,C0560,2025-12-27,38,Kolkata,P06,Sports,CMP01,Summer Sale,Email,4,1890.17,0.15,6426.58,0,0,2025-12,6426.58
O00537,C0387,2025-09-25,48,Pune,P02,Home,CMP01,Summer Sale,Email,4,1602.31,0.05,6088.78,0,0,2025-09,6088.78
O00538,C0157,2025-09-16,43,Kolkata,P04,Beauty,CMP01,Summer Sale,Email,1,971.55,0.05,922.97,0,0,2025-09,922.97
O00539,C0214,2025-02-20,48,Mumbai,P05,Grocery,CMP01,Summer Sale,Email,3,488.42,0.15,1245.47,0,0,2025-02,1245.47
O00540,C0017,2025-07-04,25,Kolkata,P05,Grocery,CMP02,Festival Offer,SMS,4,635.35,0.0,2541.4,0,0,2025-07,2541.4
O00541,C0254,2025-11-08,49,Bengaluru,P02,Home,CMP04,New Customer Offer,Social Media,4,2204.92,0.1,7937.71,0,0,2025-11,7937.71
O00542,C0087,2025-07-23,20,Bengaluru,P02,Home,CMP04,New Customer Offer,Social Media,2,1603.97,0.1,2887.15,1,1,2025-07,2887.15
O00543,C0083,2025-08-19,23,Hyderabad,P06,Sports,CMP02,Festival Offer,SMS,2,1783.95,0.1,3211.11,0,0,2025-08,3211.11
O00544,C0488,2025-10-17,24,Hyderabad,P04,Beauty,CMP04,New Customer Offer,Social Media,5,985.26,0.05,4679.98,0,0,2025-10,4679.98
O00545,C0194,2025-07-31,25,Mumbai,P04,Beauty,CMP05,Weekend Flash Sale,Email,4,939.48,0.1,3382.13,0,0,2025-07,3382.13
O00546,C0257,2025-08-29,43,Chennai,P05,Grocery,CMP02,Festival Offer,SMS,7,789.44,0.05,5249.78,0,0,2025-08,5249.78
O00547,C0122,2025-11-27,32,Pune,P01,Electronics,CMP02,Festival Offer,SMS,1,3663.24,0.1,3296.92,0,0,2025-11,3296.92
O00548,C0419,2025-05-23,59,Bengaluru,P02,Home,CMP05,Weekend Flash Sale,Email,3,1906.49,0.0,5719.47,0,0,2025-05,5719.47
O00549,C0296,2025-03-07,40,Pune,P04,Beauty,CMP01,Summer Sale,Email,1,832.14,0.05,790.53,0,0,2025-03,790.53
O00550,C0603,2025-12-20,53,Pune,P06,Sports,CMP01,Summer Sale,Email,3,1532.18,0.1,4136.89,0,0,2025-12,4136.89
O00551,C0586,2025-05-17,55,Bengaluru,P04,Beauty,CMP04,New Customer Offer,Social Media,3,1111.94,0.0,3335.82,0,0,2025-05,3335.82
O00552,C0034,2025-11-21,52,Mumbai,P03,Fashion,CMP05,Weekend Flash Sale,Email,2,1315.43,0.0,2630.86,0,0,2025-11,2630.86
O00553,C0425,2025-09-24,40,Pune,P03,Fashion,CMP01,Summer Sale,Email,1,1215.02,0.1,1093.52,1,0,2025-09,1093.52
O00554,C0143,2025-11-24,36,Bengaluru,P01,Electronics,CMP04,New Customer Offer,Social Media,6,4367.64,0.05,24895.55,1,1,2025-11,24895.55
O00555,C0386,2025-06-11,54,Bengaluru,P02,Home,CMP06,Win Back Campaign,SMS,2,1603.69,0.15,2726.27,0,0,2025-06,2726.27
O00556,C0019,2025-07-12,59,Pune,P01,Electronics,CMP02,Festival Offer,SMS,9,4524.59,0.1,36649.18,1,0,2025-07,36649.18
O00557,C0634,2025-03-27,32,Chennai,P02,Home,CMP02,Festival Offer,SMS,3,1911.1,0.1,5159.97,0,0,2025-03,5159.97
O00558,C0010,2025-01-12,48,Pune,P04,Beauty,CMP01,Summer Sale,Email,4,1060.43,0.15,3605.46,0,0,2025-01,3605.46
O00559,C0496,2025-10-22,43,Kolkata,P04,Beauty,CMP04,New Customer Offer,Social Media,4,991.01,0.05,3765.84,1,0,2025-10,3765.84
O00560,C0309,2025-12-28,49,Bengaluru,P02,Home,CMP03,Loyalty Rewards,App,2,2144.36,0.05,4074.28,0,0,2025-12,4074.28
O00561,C0239,2025-07-08,42,Patna,P04,Beauty,CMP02,Festival Offer,SMS,7,834.92,0.0,5844.44,0,0,2025-07,5844.44
O00562,C0316,2025-07-25,37,Pune,P05,Grocery,CMP06,Win Back Campaign,SMS,2,805.33,0.0,1610.66,1,0,2025-07,1610.66
O00563,C0077,2025-08-30,60,Kolkata,P03,Fashion,CMP01,Summer Sale,Email,2,992.35,0.05,1885.46,0,0,2025-08,1885.46
O00564,C0562,2025-01-23,51,Mumbai,P03,Fashion,CMP03,Loyalty Rewards,App,1,1226.58,0.1,1103.92,0,0,2025-01,1103.92
O00565,C0279,2025-05-25,37,Chennai,P04,Beauty,CMP02,Festival Offer,SMS,6,980.42,0.15,5000.14,0,0,2025-05,5000.14
O00566,C0126,2025-06-27,20,Chennai,P04,Beauty,CMP04,New Customer Offer,Social Media,1,1028.29,0.1,925.46,0,0,2025-06,925.46
O00567,C0569,2025-04-24,51,Delhi,P03,Fashion,CMP06,Win Back Campaign,SMS,4,1183.96,0.1,4262.26,0,0,2025-04,4262.26
O00568,C0449,2025-07-18,40,Bengaluru,P02,Home,CMP05,Weekend Flash Sale,Email,8,1719.52,0.1,12380.54,0,0,2025-07,12380.54
O00569,C0561,2025-05-16,39,Kolkata,P04,Beauty,CMP04,New Customer Offer,Social Media,2,976.9,0.05,1856.11,1,0,2025-05,1856.11
O00570,C0007,2025-02-12,26,Patna,P04,Beauty,CMP01,Summer Sale,Email,3,767.05,0.05,2186.09,1,1,2025-02,2186.09
O00571,C0524,2025-11-22,50,Hyderabad,P03,Fashion,CMP06,Win Back Campaign,SMS,8,1414.98,0.05,10753.85,0,0,2025-11,10753.85
O00572,C0474,2025-05-27,55,Kolkata,P06,Sports,CMP01,Summer Sale,Email,2,1926.36,0.05,3660.08,1,1,2025-05,3660.08
O00573,C0321,2025-02-05,23,Mumbai,P05,Grocery,CMP01,Summer Sale,Email,2,761.53,0.15,1294.6,0,0,2025-02,1294.6
O00574,C0452,2025-11-09,25,Chennai,P06,Sports,CMP02,Festival Offer,SMS,1,1931.71,0.0,1931.71,0,0,2025-11,1931.71
O00575,C0244,2025-08-04,53,Kolkata,P06,Sports,CMP04,New Customer Offer,Social Media,4,1203.24,0.15,4091.02,0,0,2025-08,4091.02
O00576,C0328,2025-07-16,48,Chennai,P04,Beauty,CMP04,New Customer Offer,Social Media,1,1103.67,0.1,993.3,0,0,2025-07,993.3
O00577,C0389,2025-04-22,37,Hyderabad,P03,Fashion,CMP02,Festival Offer,SMS,7,983.18,0.1,6194.03,0,0,2025-04,6194.03
O00578,C0400,2025-07-26,35,Pune,P02,Home,CMP06,Win Back Campaign,SMS,1,1740.75,0.0,1740.75,0,0,2025-07,1740.75
O00579,C0398,2025-06-16,29,Delhi,P03,Fashion,CMP03,Loyalty Rewards,App,1,1201.65,0.15,1021.4,0,0,2025-06,1021.4
O00580,C0296,2025-07-08,40,Mumbai,P05,Grocery,CMP05,Weekend Flash Sale,Email,2,549.68,0.1,989.42,0,0,2025-07,989.42
O00581,C0132,2025-04-11,51,Pune,P02,Home,CMP03,Loyalty Rewards,App,2,1537.76,0.1,2767.97,1,1,2025-04,2767.97
O00582,C0411,2025-09-29,38,Patna,P02,Home,CMP03,Loyalty Rewards,App,8,1363.7,0.2,8727.68,0,0,2025-09,8727.68
O00583,C0256,2025-07-16,46,Bengaluru,P02,Home,CMP06,Win Back Campaign,SMS,1,2225.8,0.0,2225.8,0,0,2025-07,2225.8
O00584,C0166,2025-10-13,51,Kolkata,P01,Electronics,CMP03,Loyalty Rewards,App,4,3768.43,0.05,14320.03,0,0,2025-10,14320.03
O00585,C0593,2025-05-27,48,Delhi,P05,Grocery,CMP05,Weekend Flash Sale,Email,2,591.08,0.1,1063.94,1,1,2025-05,1063.94
O00586,C0030,2025-08-24,29,Mumbai,P06,Sports,CMP04,New Customer Offer,Social Media,2,1542.09,0.15,2621.55,0,0,2025-08,2621.55
O00587,C0295,2025-01-03,39,Bengaluru,P01,Electronics,CMP03,Loyalty Rewards,App,1,3351.92,0.15,2849.13,0,0,2025-01,2849.13
O00588,C0198,2025-02-24,25,Bengaluru,P04,Beauty,CMP05,Weekend Flash Sale,Email,1,762.43,0.05,724.31,0,0,2025-02,724.31
O00589,C0002,2025-10-14,25,Hyderabad,P03,Fashion,CMP02,Festival Offer,SMS,1,910.37,0.05,864.85,0,0,2025-10,864.85
O00590,C0315,2025-08-18,20,Mumbai,P01,Electronics,CMP01,Summer Sale,Email,1,3441.79,0.2,2753.43,0,0,2025-08,2753.43
O00591,C0060,2025-10-28,35,Mumbai,P03,Fashion,CMP01,Summer Sale,Email,4,907.85,0.0,3631.4,0,0,2025-10,3631.4
O00592,C0213,2025-05-01,59,Delhi,P03,Fashion,CMP04,New Customer Offer,Social Media,3,1099.27,0.05,3132.92,0,0,2025-05,3132.92
O00593,C0458,2025-08-04,48,Kolkata,P06,Sports,CMP01,Summer Sale,Email,2,1415.23,0.2,2264.37,0,0,2025-08,2264.37
O00594,C0080,2025-01-09,51,Hyderabad,P01,Electronics,CMP03,Loyalty Rewards,App,3,4514.39,0.1,12188.85,0,0,2025-01,12188.85
O00595,C0224,2025-02-16,49,Patna,P02,Home,CMP05,Weekend Flash Sale,Email,1,1824.99,0.1,1642.49,1,1,2025-02,1642.49
O00596,C0505,2025-09-07,56,Bengaluru,P04,Beauty,CMP03,Loyalty Rewards,App,1,937.74,0.0,937.74,0,0,2025-09,937.74
O00597,C0613,2025-08-30,22,Pune,P05,Grocery,CMP04,New Customer Offer,Social Media,4,793.01,0.05,3013.44,0,0,2025-08,3013.44
O00598,C0553,2025-10-10,26,Delhi,P06,Sports,CMP02,Festival Offer,SMS,1,1456.28,0.1,1310.65,0,0,2025-10,1310.65
O00599,C0327,2025-06-11,49,Patna,P02,Home,CMP02,Festival Offer,SMS,4,2239.8,0.1,8063.28,0,0,2025-06,8063.28
O00600,C0478,2025-03-08,20,Delhi,P05,Grocery,CMP05,Weekend Flash Sale,Email,1,560.25,0.05,532.24,0,0,2025-03,532.24
O00601,C0318,2025-03-24,59,Patna,P05,Grocery,CMP03,Loyalty Rewards,App,2,684.5,0.1,1232.1,0,0,2025-03,1232.1
O00602,C0313,2025-06-11,32,Patna,P05,Grocery,CMP06,Win Back Campaign,SMS,4,805.18,0.0,3220.72,1,0,2025-06,3220.72
O00603,C0282,2025-06-29,29,Mumbai,P04,Beauty,CMP01,Summer Sale,Email,2,1173.13,0.1,2111.63,0,0,2025-06,2111.63
O00604,C0488,2025-03-11,30,Chennai,P01,Electronics,CMP05,Weekend Flash Sale,Email,1,3897.58,0.2,3118.06,0,0,2025-03,3118.06
O00605,C0493,2025-04-05,41,Pune,P02,Home,CMP04,New Customer Offer,Social Media,1,2208.01,0.0,2208.01,0,0,2025-04,2208.01
O00606,C0239,2025-05-17,40,Chennai,P06,Sports,CMP01,Summer Sale,Email,3,1348.91,0.15,3439.72,0,0,2025-05,3439.72
O00607,C0405,2025-04-08,26,Kolkata,P03,Fashion,CMP03,Loyalty Rewards,App,1,1399.79,0.1,1259.81,0,0,2025-04,1259.81
O00608,C0571,2025-04-27,34,Mumbai,P04,Beauty,CMP04,New Customer Offer,Social Media,4,772.34,0.0,3089.36,1,1,2025-04,3089.36
O00609,C0562,2025-11-29,52,Kolkata,P02,Home,CMP06,Win Back Campaign,SMS,7,1476.15,0.05,9816.4,1,0,2025-11,9816.4
O00610,C0177,2025-12-01,50,Kolkata,P02,Home,CMP01,Summer Sale,Email,4,1947.63,0.1,7011.47,0,0,2025-12,7011.47
O00611,C0544,2025-05-22,20,Pune,P05,Grocery,CMP02,Festival Offer,SMS,4,581.85,0.1,2094.66,1,0,2025-05,2094.66
O00612,C0408,2025-12-13,38,Patna,P06,Sports,CMP05,Weekend Flash Sale,Email,4,1495.25,0.1,5382.9,1,1,2025-12,5382.9
O00613,C0314,2025-11-15,57,Mumbai,P02,Home,CMP02,Festival Offer,SMS,6,1589.97,0.1,8585.84,1,1,2025-11,8585.84
O00614,C0621,2025-08-28,30,Mumbai,P06,Sports,CMP02,Festival Offer,SMS,5,1395.96,0.0,6979.8,1,1,2025-08,6979.8
O00615,C0096,2025-06-04,36,Patna,P02,Home,CMP04,New Customer Offer,Social Media,1,1757.81,0.15,1494.14,0,0,2025-06,1494.14
O00616,C0321,2025-02-27,31,Bengaluru,P04,Beauty,CMP02,Festival Offer,SMS,3,796.94,0.0,2390.82,0,0,2025-02,2390.82
O00617,C0385,2025-12-27,44,Hyderabad,P04,Beauty,CMP06,Win Back Campaign,SMS,2,891.64,0.15,1515.79,1,0,2025-12,1515.79
O00618,C0061,2025-12-17,56,Mumbai,P05,Grocery,CMP04,New Customer Offer,Social Media,3,797.26,0.1,2152.6,0,0,2025-12,2152.6
O00619,C0050,2025-06-16,48,Mumbai,P01,Electronics,CMP05,Weekend Flash Sale,Email,4,3299.71,0.15,11219.01,0,0,2025-06,11219.01
O00620,C0316,2025-01-17,59,Mumbai,P06,Sports,CMP04,New Customer Offer,Social Media,3,1671.68,0.1,4513.54,0,0,2025-01,4513.54
O00621,C0088,2025-09-28,54,Kolkata,P04,Beauty,CMP05,Weekend Flash Sale,Email,3,1147.5,0.1,3098.25,0,0,2025-09,3098.25
O00622,C0013,2025-09-01,53,Hyderabad,P05,Grocery,CMP06,Win Back Campaign,SMS,1,526.55,0.15,447.57,0,0,2025-09,447.57
O00623,C0317,2025-09-17,59,Hyderabad,P04,Beauty,CMP04,New Customer Offer,Social Media,3,1115.36,0.1,3011.47,1,1,2025-09,3011.47
O00624,C0154,2025-03-23,52,Kolkata,P03,Fashion,CMP03,Loyalty Rewards,App,2,1369.76,0.1,2465.57,0,0,2025-03,2465.57
O00625,C0056,2025-12-16,43,Hyderabad,P02,Home,CMP05,Weekend Flash Sale,Email,1,1572.12,0.15,1336.3,0,0,2025-12,1336.3
O00626,C0291,2025-06-23,56,Delhi,P05,Grocery,CMP06,Win Back Campaign,SMS,4,509.09,0.0,2036.36,1,1,2025-06,2036.36
O00627,C0183,2025-03-06,25,Bengaluru,P02,Home,CMP02,Festival Offer,SMS,1,1755.86,0.15,1492.48,1,0,2025-03,1492.48
O00628,C0368,2025-04-25,21,Delhi,P03,Fashion,CMP01,Summer Sale,Email,1,1064.14,0.1,957.73,0,0,2025-04,957.73
O00629,C0479,2025-08-08,20,Bengaluru,P03,Fashion,CMP05,Weekend Flash Sale,Email,4,1370.19,0.1,4932.68,0,0,2025-08,4932.68
O00630,C0373,2025-10-02,33,Bengaluru,P04,Beauty,CMP06,Win Back Campaign,SMS,1,1037.59,0.0,1037.59,0,0,2025-10,1037.59
O00631,C0126,2025-03-26,46,Delhi,P03,Fashion,CMP06,Win Back Campaign,SMS,7,1009.51,0.1,6359.91,0,0,2025-03,6359.91
O00632,C0305,2025-03-31,46,Bengaluru,P02,Home,CMP03,Loyalty Rewards,App,1,1550.22,0.0,1550.22,0,0,2025-03,1550.22
O00633,C0319,2025-11-03,29,Bengaluru,P01,Electronics,CMP06,Win Back Campaign,SMS,1,4552.93,0.2,3642.34,1,0,2025-11,3642.34
O00634,C0284,2025-06-09,21,Delhi,P03,Fashion,CMP01,Summer Sale,Email,4,1356.47,0.15,4612.0,1,1,2025-06,4612.0
O00635,C0151,2025-03-21,57,Mumbai,P06,Sports,CMP05,Weekend Flash Sale,Email,3,1994.36,0.0,5983.08,1,1,2025-03,5983.08
O00636,C0152,2025-07-24,40,Kolkata,P04,Beauty,CMP01,Summer Sale,Email,3,782.01,0.15,1994.13,0,0,2025-07,1994.13
O00637,C0148,2025-03-10,48,Patna,P03,Fashion,CMP05,Weekend Flash Sale,Email,1,970.67,0.0,970.67,1,0,2025-03,970.67
O00638,C0465,2025-06-02,24,Delhi,P05,Grocery,CMP04,New Customer Offer,Social Media,1,514.21,0.0,514.21,0,0,2025-06,514.21
O00639,C0044,2025-03-24,38,Kolkata,P01,Electronics,CMP02,Festival Offer,SMS,1,4440.92,0.05,4218.87,0,0,2025-03,4218.87
O00640,C0328,2025-06-17,24,Mumbai,P05,Grocery,CMP04,New Customer Offer,Social Media,3,601.62,0.05,1714.62,0,0,2025-06,1714.62
O00641,C0182,2025-03-25,58,Hyderabad,P01,Electronics,CMP03,Loyalty Rewards,App,3,3806.41,0.1,10277.31,0,0,2025-03,10277.31
O00642,C0616,2025-06-30,43,Kolkata,P05,Grocery,CMP03,Loyalty Rewards,App,3,698.11,0.05,1989.61,1,1,2025-06,1989.61
O00643,C0179,2025-06-22,28,Chennai,P06,Sports,CMP02,Festival Offer,SMS,3,1674.3,0.05,4771.75,1,0,2025-06,4771.75
O00644,C0409,2025-06-01,57,Hyderabad,P03,Fashion,CMP01,Summer Sale,Email,4,1418.85,0.15,4824.09,0,0,2025-06,4824.09
O00645,C0096,2025-06-28,24,Chennai,P06,Sports,CMP02,Festival Offer,SMS,1,1739.1,0.1,1565.19,1,0,2025-06,1565.19
O00646,C0254,2025-08-29,44,Delhi,P03,Fashion,CMP01,Summer Sale,Email,3,1034.64,0.1,2793.53,1,1,2025-08,2793.53
O00647,C0483,2025-02-20,23,Delhi,P03,Fashion,CMP06,Win Back Campaign,SMS,2,1384.84,0.0,2769.68,0,0,2025-02,2769.68
O00648,C0140,2025-04-12,32,Bengaluru,P02,Home,CMP06,Win Back Campaign,SMS,1,2181.7,0.0,2181.7,1,0,2025-04,2181.7
O00649,C0258,2025-12-08,43,Hyderabad,P06,Sports,CMP02,Festival Offer,SMS,4,1531.96,0.0,6127.84,1,1,2025-12,6127.84
O00650,C0189,2025-08-03,30,Hyderabad,P06,Sports,CMP04,New Customer Offer,Social Media,4,1715.56,0.1,6176.02,0,0,2025-08,6176.02
O00651,C0310,2025-08-13,56,Chennai,P04,Beauty,CMP06,Win Back Campaign,SMS,5,1164.59,0.05,5531.8,0,0,2025-08,5531.8
O00652,C0389,2025-11-24,32,Mumbai,P05,Grocery,CMP03,Loyalty Rewards,App,1,682.7,0.0,682.7,0,0,2025-11,682.7
O00653,C0608,2025-10-26,49,Delhi,P02,Home,CMP06,Win Back Campaign,SMS,2,1642.48,0.15,2792.22,0,0,2025-10,2792.22
O00654,C0620,2025-03-10,26,Chennai,P02,Home,CMP05,Weekend Flash Sale,Email,1,1619.29,0.1,1457.36,0,0,2025-03,1457.36
O00655,C0310,2025-03-14,27,Patna,P02,Home,CMP03,Loyalty Rewards,App,9,2189.12,0.15,16746.77,0,0,2025-03,16746.77
O00656,C0064,2025-08-11,44,Mumbai,P01,Electronics,CMP06,Win Back Campaign,SMS,4,4753.77,0.2,15212.06,0,0,2025-08,15212.06
O00657,C0408,2025-09-24,53,Chennai,P06,Sports,CMP06,Win Back Campaign,SMS,2,1257.71,0.05,2389.65,0,0,2025-09,2389.65
O00658,C0518,2025-04-18,41,Bengaluru,P06,Sports,CMP05,Weekend Flash Sale,Email,2,1893.76,0.05,3598.14,0,0,2025-04,3598.14
O00659,C0170,2025-06-01,59,Bengaluru,P01,Electronics,CMP01,Summer Sale,Email,2,4310.67,0.0,8621.34,1,0,2025-06,8621.34
O00660,C0438,2025-12-09,20,Kolkata,P01,Electronics,CMP03,Loyalty Rewards,App,4,4002.27,0.2,12807.26,0,0,2025-12,12807.26
O00661,C0188,2025-01-05,34,Patna,P02,Home,CMP03,Loyalty Rewards,App,6,1788.46,0.1,9657.68,1,1,2025-01,9657.68
O00662,C0140,2025-12-04,41,Delhi,P01,Electronics,CMP01,Summer Sale,Email,1,4406.16,0.0,4406.16,0,0,2025-12,4406.16
O00663,C0446,2025-05-11,24,Bengaluru,P01,Electronics,CMP06,Win Back Campaign,SMS,3,3643.47,0.05,10383.89,0,0,2025-05,10383.89
O00664,C0589,2025-05-11,28,Chennai,P06,Sports,CMP02,Festival Offer,SMS,1,1605.5,0.0,1605.5,0,0,2025-05,1605.5
O00665,C0490,2025-09-15,25,Bengaluru,P01,Electronics,CMP06,Win Back Campaign,SMS,1,4509.57,0.15,3833.13,0,0,2025-09,3833.13
O00666,C0528,2025-06-23,24,Mumbai,P01,Electronics,CMP05,Weekend Flash Sale,Email,3,3819.75,0.15,9740.36,0,0,2025-06,9740.36
O00667,C0570,2025-07-29,26,Pune,P03,Fashion,CMP02,Festival Offer,SMS,4,1037.04,0.0,4148.16,1,1,2025-07,4148.16
O00668,C0307,2025-03-11,35,Bengaluru,P04,Beauty,CMP04,New Customer Offer,Social Media,2,1165.34,0.0,2330.68,0,0,2025-03,2330.68
O00669,C0408,2025-02-09,24,Bengaluru,P05,Grocery,CMP02,Festival Offer,SMS,3,806.76,0.05,2299.27,1,1,2025-02,2299.27
O00670,C0315,2025-08-19,31,Mumbai,P02,Home,CMP02,Festival Offer,SMS,3,1370.33,0.1,3699.89,1,1,2025-08,3699.89
O00671,C0352,2025-05-22,60,Delhi,P03,Fashion,CMP04,New Customer Offer,Social Media,4,1497.02,0.15,5089.87,1,0,2025-05,5089.87
O00672,C0648,2025-01-02,52,Delhi,P06,Sports,CMP03,Loyalty Rewards,App,2,1473.27,0.05,2799.21,0,0,2025-01,2799.21
O00673,C0108,2025-06-07,38,Hyderabad,P04,Beauty,CMP06,Win Back Campaign,SMS,3,889.2,0.15,2267.46,0,0,2025-06,2267.46
O00674,C0330,2025-03-03,32,Hyderabad,P03,Fashion,CMP03,Loyalty Rewards,App,5,1094.88,0.1,4926.96,0,0,2025-03,4926.96
O00675,C0237,2025-04-16,51,Kolkata,P02,Home,CMP06,Win Back Campaign,SMS,1,1672.08,0.1,1504.87,0,0,2025-04,1504.87
O00676,C0243,2025-07-03,40,Mumbai,P06,Sports,CMP02,Festival Offer,SMS,1,1593.7,0.15,1354.64,0,0,2025-07,1354.64
O00677,C0133,2025-01-01,22,Pune,P05,Grocery,CMP03,Loyalty Rewards,App,1,671.86,0.1,604.67,1,1,2025-01,604.67
O00678,C0629,2025-07-26,30,Pune,P01,Electronics,CMP02,Festival Offer,SMS,3,4720.45,0.1,12745.21,1,1,2025-07,12745.21
O00679,C0440,2025-07-23,35,Hyderabad,P01,Electronics,CMP04,New Customer Offer,Social Media,1,3313.99,0.0,3313.99,1,1,2025-07,3313.99
O00680,C0150,2025-10-03,35,Delhi,P04,Beauty,CMP03,Loyalty Rewards,App,3,967.45,0.1,2612.12,0,0,2025-10,2612.12
O00681,C0575,2025-07-27,33,Hyderabad,P06,Sports,CMP06,Win Back Campaign,SMS,1,1688.48,0.2,1350.78,0,0,2025-07,1350.78
O00682,C0592,2025-04-20,22,Pune,P03,Fashion,CMP02,Festival Offer,SMS,3,1391.17,0.0,4173.51,0,0,2025-04,4173.51
O00683,C0290,2025-12-04,39,Patna,P04,Beauty,CMP05,Weekend Flash Sale,Email,2,1094.95,0.05,2080.41,0,0,2025-12,2080.41
O00684,C0553,2025-08-28,20,Pune,P04,Beauty,CMP03,Loyalty Rewards,App,2,1092.87,0.05,2076.45,0,0,2025-08,2076.45
O00685,C0567,2025-09-27,21,Hyderabad,P05,Grocery,CMP02,Festival Offer,SMS,1,672.56,0.15,571.68,0,0,2025-09,571.68
O00686,C0314,2025-10-18,22,Patna,P06,Sports,CMP06,Win Back Campaign,SMS,2,1619.77,0.1,2915.59,1,1,2025-10,2915.59
O00687,C0491,2025-01-26,35,Mumbai,P05,Grocery,CMP06,Win Back Campaign,SMS,1,552.95,0.1,497.66,0,0,2025-01,497.66
O00688,C0284,2025-10-29,31,Mumbai,P04,Beauty,CMP05,Weekend Flash Sale,Email,4,1013.65,0.1,3649.14,1,0,2025-10,3649.14
O00689,C0383,2025-12-28,28,Hyderabad,P04,Beauty,CMP05,Weekend Flash Sale,Email,7,783.15,0.15,4659.74,0,0,2025-12,4659.74
O00690,C0229,2025-03-06,51,Hyderabad,P04,Beauty,CMP03,Loyalty Rewards,App,6,895.12,0.15,4565.11,0,0,2025-03,4565.11
O00691,C0517,2025-03-04,39,Pune,P03,Fashion,CMP02,Festival Offer,SMS,1,1033.29,0.2,826.63,0,0,2025-03,826.63
O00692,C0045,2025-10-11,40,Hyderabad,P01,Electronics,CMP02,Festival Offer,SMS,2,4590.25,0.05,8721.48,0,0,2025-10,8721.48
O00693,C0420,2025-08-18,25,Bengaluru,P03,Fashion,CMP03,Loyalty Rewards,App,2,1489.39,0.05,2829.84,1,0,2025-08,2829.84
O00694,C0226,2025-10-18,35,Chennai,P01,Electronics,CMP03,Loyalty Rewards,App,1,4345.87,0.15,3693.99,0,0,2025-10,3693.99
O00695,C0590,2025-09-25,57,Hyderabad,P02,Home,CMP06,Win Back Campaign,SMS,1,1749.58,0.0,1749.58,1,0,2025-09,1749.58
O00696,C0389,2025-05-08,52,Pune,P05,Grocery,CMP05,Weekend Flash Sale,Email,7,795.94,0.1,5014.42,0,0,2025-05,5014.42
O00697,C0366,2025-10-31,34,Mumbai,P06,Sports,CMP02,Festival Offer,SMS,1,1851.14,0.1,1666.03,1,0,2025-10,1666.03
O00698,C0515,2025-08-05,23,Chennai,P06,Sports,CMP04,New Customer Offer,Social Media,1,1809.81,0.0,1809.81,0,0,2025-08,1809.81
O00699,C0460,2025-02-07,58,Pune,P06,Sports,CMP04,New Customer Offer,Social Media,7,1788.19,0.15,10639.73,0,0,2025-02,10639.73
O00700,C0616,2025-01-30,20,Delhi,P03,Fashion,CMP02,Festival Offer,SMS,3,949.52,0.1,2563.7,1,1,2025-01,2563.7
O00701,C0456,2025-10-02,31,Pune,P02,Home,CMP06,Win Back Campaign,SMS,3,1702.54,0.1,4596.86,0,0,2025-10,4596.86
O00702,C0323,2025-02-05,55,Kolkata,P03,Fashion,CMP01,Summer Sale,Email,3,1392.13,0.15,3549.93,0,0,2025-02,3549.93
O00703,C0009,2025-06-10,30,Hyderabad,P06,Sports,CMP04,New Customer Offer,Social Media,6,1710.01,0.0,10260.06,1,1,2025-06,10260.06
O00704,C0523,2025-02-03,43,Mumbai,P05,Grocery,CMP02,Festival Offer,SMS,1,771.57,0.1,694.41,0,0,2025-02,694.41
O00705,C0444,2025-12-24,30,Patna,P01,Electronics,CMP06,Win Back Campaign,SMS,1,3787.36,0.05,3597.99,0,0,2025-12,3597.99
O00706,C0167,2025-05-18,44,Kolkata,P01,Electronics,CMP06,Win Back Campaign,SMS,3,4658.2,0.1,12577.14,0,0,2025-05,12577.14
O00707,C0380,2025-03-04,60,Delhi,P05,Grocery,CMP06,Win Back Campaign,SMS,6,768.67,0.1,4150.82,0,0,2025-03,4150.82
O00708,C0451,2025-05-30,49,Mumbai,P05,Grocery,CMP04,New Customer Offer,Social Media,9,789.78,0.0,7108.02,0,0,2025-05,7108.02
O00709,C0267,2025-06-16,43,Delhi,P05,Grocery,CMP02,Festival Offer,SMS,2,665.18,0.0,1330.36,0,0,2025-06,1330.36
O00710,C0554,2025-04-16,39,Chennai,P04,Beauty,CMP03,Loyalty Rewards,App,4,1050.88,0.1,3783.17,0,0,2025-04,3783.17
O00711,C0618,2025-09-25,45,Patna,P03,Fashion,CMP02,Festival Offer,SMS,2,1180.85,0.15,2007.44,1,0,2025-09,2007.44
O00712,C0365,2025-10-15,56,Kolkata,P01,Electronics,CMP03,Loyalty Rewards,App,2,5178.23,0.0,10356.46,1,0,2025-10,10356.46
O00713,C0041,2025-08-20,26,Bengaluru,P04,Beauty,CMP03,Loyalty Rewards,App,1,740.82,0.1,666.74,0,0,2025-08,666.74
O00714,C0269,2025-10-14,32,Hyderabad,P03,Fashion,CMP05,Weekend Flash Sale,Email,2,1209.47,0.1,2177.05,0,0,2025-10,2177.05
O00715,C0535,2025-01-10,39,Mumbai,P02,Home,CMP03,Loyalty Rewards,App,5,1770.21,0.0,8851.05,0,0,2025-01,8851.05
O00716,C0484,2025-10-25,39,Chennai,P04,Beauty,CMP02,Festival Offer,SMS,1,821.14,0.15,697.97,0,0,2025-10,697.97
O00717,C0125,2025-10-05,42,Pune,P04,Beauty,CMP01,Summer Sale,Email,1,745.61,0.15,633.77,0,0,2025-10,633.77
O00718,C0466,2025-09-16,22,Kolkata,P04,Beauty,CMP06,Win Back Campaign,SMS,2,778.11,0.1,1400.6,0,0,2025-09,1400.6
O00719,C0164,2025-04-15,22,Chennai,P03,Fashion,CMP02,Festival Offer,SMS,7,1468.23,0.05,9763.73,0,0,2025-04,9763.73
O00720,C0304,2025-09-30,25,Chennai,P03,Fashion,CMP04,New Customer Offer,Social Media,8,1327.8,0.1,9560.16,1,1,2025-09,9560.16
O00721,C0445,2025-07-05,60,Patna,P04,Beauty,CMP05,Weekend Flash Sale,Email,7,769.43,0.0,5386.01,0,0,2025-07,5386.01
O00722,C0429,2025-02-27,54,Bengaluru,P02,Home,CMP02,Festival Offer,SMS,4,1736.17,0.15,5902.98,0,0,2025-02,5902.98
O00723,C0506,2025-07-03,22,Delhi,P01,Electronics,CMP02,Festival Offer,SMS,1,4594.82,0.05,4365.08,0,0,2025-07,4365.08
O00724,C0505,2025-07-26,45,Kolkata,P01,Electronics,CMP03,Loyalty Rewards,App,3,4302.84,0.0,12908.52,0,0,2025-07,12908.52
O00725,C0542,2025-07-24,57,Hyderabad,P06,Sports,CMP05,Weekend Flash Sale,Email,2,1688.17,0.1,3038.71,0,0,2025-07,3038.71
O00726,C0613,2025-01-25,44,Mumbai,P05,Grocery,CMP04,New Customer Offer,Social Media,3,571.0,0.15,1456.05,0,0,2025-01,1456.05
O00727,C0468,2025-03-14,59,Chennai,P03,Fashion,CMP04,New Customer Offer,Social Media,5,1249.82,0.0,6249.1,0,0,2025-03,6249.1
O00728,C0231,2025-05-13,50,Hyderabad,P02,Home,CMP01,Summer Sale,Email,6,2038.53,0.1,11008.06,1,1,2025-05,11008.06
O00729,C0182,2025-08-27,33,Delhi,P02,Home,CMP01,Summer Sale,Email,3,2132.41,0.15,5437.65,0,0,2025-08,5437.65
O00730,C0428,2025-04-28,44,Bengaluru,P03,Fashion,CMP02,Festival Offer,SMS,2,1458.06,0.2,2332.9,0,0,2025-04,2332.9
O00731,C0486,2025-07-31,35,Chennai,P02,Home,CMP04,New Customer Offer,Social Media,2,1533.36,0.0,3066.72,0,0,2025-07,3066.72
O00732,C0478,2025-12-09,23,Mumbai,P05,Grocery,CMP05,Weekend Flash Sale,Email,5,568.47,0.0,2842.35,0,0,2025-12,2842.35
O00733,C0622,2025-08-29,56,Bengaluru,P02,Home,CMP05,Weekend Flash Sale,Email,5,1642.5,0.15,6980.62,0,0,2025-08,6980.62
O00734,C0391,2025-07-23,28,Chennai,P04,Beauty,CMP04,New Customer Offer,Social Media,6,720.32,0.0,4321.92,1,1,2025-07,4321.92
O00735,C0352,2025-11-03,45,Kolkata,P03,Fashion,CMP05,Weekend Flash Sale,Email,1,1260.67,0.15,1071.57,0,0,2025-11,1071.57
O00736,C0261,2025-06-30,26,Delhi,P01,Electronics,CMP05,Weekend Flash Sale,Email,3,4811.08,0.1,12989.92,1,1,2025-06,12989.92
O00737,C0113,2025-05-08,26,Bengaluru,P03,Fashion,CMP05,Weekend Flash Sale,Email,4,1296.38,0.0,5185.52,0,0,2025-05,5185.52
O00738,C0281,2025-09-19,47,Pune,P03,Fashion,CMP04,New Customer Offer,Social Media,3,1004.1,0.0,3012.3,1,1,2025-09,3012.3
O00739,C0257,2025-04-01,28,Chennai,P04,Beauty,CMP03,Loyalty Rewards,App,1,1078.33,0.0,1078.33,0,0,2025-04,1078.33
O00740,C0322,2025-12-31,56,Patna,P06,Sports,CMP05,Weekend Flash Sale,Email,3,1477.63,0.1,3989.6,0,0,2025-12,3989.6
O00741,C0167,2025-09-01,53,Pune,P01,Electronics,CMP02,Festival Offer,SMS,3,3489.11,0.0,10467.33,0,0,2025-09,10467.33
O00742,C0194,2025-08-03,27,Hyderabad,P04,Beauty,CMP02,Festival Offer,SMS,6,1099.28,0.1,5936.11,0,0,2025-08,5936.11
O00743,C0528,2025-03-03,30,Chennai,P04,Beauty,CMP04,New Customer Offer,Social Media,2,1140.79,0.05,2167.5,1,0,2025-03,2167.5
O00744,C0259,2025-08-27,55,Patna,P04,Beauty,CMP01,Summer Sale,Email,5,810.81,0.0,4054.05,1,1,2025-08,4054.05
O00745,C0592,2025-02-21,23,Chennai,P03,Fashion,CMP03,Loyalty Rewards,App,3,1044.06,0.1,2818.96,0,0,2025-02,2818.96
O00746,C0606,2025-06-12,34,Patna,P05,Grocery,CMP02,Festival Offer,SMS,3,653.24,0.1,1763.75,1,0,2025-06,1763.75
O00747,C0298,2025-07-31,50,Patna,P04,Beauty,CMP04,New Customer Offer,Social Media,2,834.09,0.1,1501.36,0,0,2025-07,1501.36
O00748,C0186,2025-12-25,49,Kolkata,P01,Electronics,CMP06,Win Back Campaign,SMS,1,4633.36,0.15,3938.36,0,0,2025-12,3938.36
O00749,C0568,2025-05-03,57,Pune,P02,Home,CMP01,Summer Sale,Email,3,2161.05,0.05,6158.99,0,0,2025-05,6158.99
O00750,C0426,2025-10-19,46,Kolkata,P05,Grocery,CMP05,Weekend Flash Sale,Email,2,670.31,0.1,1206.56,0,0,2025-10,1206.56
O00751,C0631,2025-12-29,54,Bengaluru,P02,Home,CMP01,Summer Sale,Email,6,2026.35,0.0,12158.1,0,0,2025-12,12158.1
O00752,C0485,2025-09-08,41,Chennai,P03,Fashion,CMP05,Weekend Flash Sale,Email,4,1219.41,0.0,4877.64,1,0,2025-09,4877.64
O00753,C0328,2025-01-04,58,Bengaluru,P02,Home,CMP01,Summer Sale,Email,2,1846.64,0.1,3323.95,0,0,2025-01,3323.95
O00754,C0449,2025-10-05,22,Kolkata,P02,Home,CMP01,Summer Sale,Email,3,2231.91,0.1,6026.16,1,0,2025-10,6026.16
O00755,C0373,2025-05-24,60,Chennai,P01,Electronics,CMP03,Loyalty Rewards,App,1,3810.88,0.0,3810.88,1,0,2025-05,3810.88
O00756,C0634,2025-11-22,44,Bengaluru,P05,Grocery,CMP05,Weekend Flash Sale,Email,1,623.4,0.1,561.06,1,0,2025-11,561.06
O00757,C0352,2025-08-18,59,Hyderabad,P02,Home,CMP06,Win Back Campaign,SMS,5,1603.12,0.15,6813.26,0,0,2025-08,6813.26
O00758,C0634,2025-09-19,22,Delhi,P03,Fashion,CMP01,Summer Sale,Email,4,1037.76,0.15,3528.38,1,0,2025-09,3528.38
O00759,C0247,2025-03-12,52,Hyderabad,P01,Electronics,CMP05,Weekend Flash Sale,Email,2,4750.38,0.0,9500.76,1,1,2025-03,9500.76
O00760,C0309,2025-12-03,58,Mumbai,P03,Fashion,CMP05,Weekend Flash Sale,Email,3,1301.88,0.05,3710.36,1,1,2025-12,3710.36
O00761,C0045,2025-01-11,56,Bengaluru,P05,Grocery,CMP02,Festival Offer,SMS,1,633.68,0.1,570.31,0,0,2025-01,570.31
O00762,C0499,2025-04-10,47,Bengaluru,P03,Fashion,CMP05,Weekend Flash Sale,Email,4,1391.96,0.15,4732.66,0,0,2025-04,4732.66
O00763,C0478,2025-02-15,25,Mumbai,P02,Home,CMP04,New Customer Offer,Social Media,4,1632.35,0.1,5876.46,0,0,2025-02,5876.46
O00764,C0571,2025-12-11,46,Hyderabad,P01,Electronics,CMP01,Summer Sale,Email,4,3383.54,0.05,12857.45,1,0,2025-12,12857.45
O00765,C0507,2025-11-04,41,Patna,P04,Beauty,CMP04,New Customer Offer,Social Media,1,1044.2,0.05,991.99,0,0,2025-11,991.99
O00766,C0122,2025-09-13,49,Mumbai,P03,Fashion,CMP02,Festival Offer,SMS,1,1350.02,0.1,1215.02,1,1,2025-09,1215.02
O00767,C0032,2025-09-02,60,Kolkata,P06,Sports,CMP05,Weekend Flash Sale,Email,1,1661.48,0.05,1578.41,1,0,2025-09,1578.41
O00768,C0429,2025-11-04,60,Patna,P03,Fashion,CMP04,New Customer Offer,Social Media,2,1238.98,0.1,2230.16,0,0,2025-11,2230.16
O00769,C0164,2025-06-07,51,Mumbai,P04,Beauty,CMP05,Weekend Flash Sale,Email,5,943.07,0.05,4479.58,1,1,2025-06,4479.58
O00770,C0468,2025-02-14,25,Kolkata,P05,Grocery,CMP06,Win Back Campaign,SMS,1,777.31,0.0,777.31,1,0,2025-02,777.31
O00771,C0056,2025-09-12,22,Bengaluru,P03,Fashion,CMP03,Loyalty Rewards,App,1,1219.47,0.15,1036.55,0,0,2025-09,1036.55
O00772,C0151,2025-08-01,53,Mumbai,P04,Beauty,CMP03,Loyalty Rewards,App,3,1163.95,0.1,3142.67,1,1,2025-08,3142.67
O00773,C0398,2025-06-23,20,Chennai,P03,Fashion,CMP05,Weekend Flash Sale,Email,3,1465.33,0.15,3736.59,0,0,2025-06,3736.59
O00774,C0411,2025-12-30,54,Mumbai,P04,Beauty,CMP03,Loyalty Rewards,App,1,973.05,0.0,973.05,0,0,2025-12,973.05
O00775,C0362,2025-10-19,35,Chennai,P03,Fashion,CMP01,Summer Sale,Email,3,1469.27,0.15,3746.64,0,0,2025-10,3746.64
O00776,C0527,2025-01-03,28,Hyderabad,P01,Electronics,CMP06,Win Back Campaign,SMS,3,4155.14,0.0,12465.42,1,1,2025-01,12465.42
O00777,C0163,2025-05-03,20,Kolkata,P03,Fashion,CMP02,Festival Offer,SMS,2,1100.9,0.15,1871.53,0,0,2025-05,1871.53
O00778,C0591,2025-03-29,40,Mumbai,P01,Electronics,CMP06,Win Back Campaign,SMS,4,4492.87,0.1,16174.33,1,1,2025-03,16174.33
O00779,C0256,2025-12-24,51,Bengaluru,P03,Fashion,CMP05,Weekend Flash Sale,Email,4,1398.81,0.1,5035.72,1,1,2025-12,5035.72
O00780,C0079,2025-11-02,43,Bengaluru,P02,Home,CMP04,New Customer Offer,Social Media,2,1925.63,0.0,3851.26,0,0,2025-11,3851.26
O00781,C0374,2025-03-05,38,Hyderabad,P02,Home,CMP05,Weekend Flash Sale,Email,2,1750.47,0.1,3150.85,0,0,2025-03,3150.85
O00782,C0500,2025-07-07,44,Delhi,P02,Home,CMP02,Festival Offer,SMS,7,1613.92,0.2,9037.95,1,1,2025-07,9037.95
O00783,C0514,2025-08-18,46,Patna,P01,Electronics,CMP04,New Customer Offer,Social Media,2,4550.34,0.05,8645.65,1,0,2025-08,8645.65
O00784,C0143,2025-07-01,51,Patna,P04,Beauty,CMP02,Festival Offer,SMS,12,797.43,0.0,9569.16,0,0,2025-07,9569.16
O00785,C0612,2025-05-03,55,Pune,P02,Home,CMP02,Festival Offer,SMS,4,1687.21,0.0,6748.84,0,0,2025-05,6748.84
O00786,C0627,2025-09-05,31,Delhi,P01,Electronics,CMP05,Weekend Flash Sale,Email,6,4868.12,0.0,29208.72,1,0,2025-09,29208.72
O00787,C0116,2025-04-02,58,Bengaluru,P04,Beauty,CMP04,New Customer Offer,Social Media,1,987.63,0.0,987.63,0,0,2025-04,987.63
O00788,C0423,2025-03-05,56,Mumbai,P01,Electronics,CMP01,Summer Sale,Email,6,3315.57,0.2,15914.74,0,0,2025-03,15914.74
O00789,C0078,2025-09-03,29,Mumbai,P05,Grocery,CMP04,New Customer Offer,Social Media,3,569.13,0.1,1536.65,0,0,2025-09,1536.65
O00790,C0082,2025-04-20,34,Chennai,P02,Home,CMP02,Festival Offer,SMS,2,2018.99,0.1,3634.18,0,0,2025-04,3634.18
O00791,C0474,2025-08-02,37,Chennai,P05,Grocery,CMP04,New Customer Offer,Social Media,2,776.14,0.1,1397.05,1,0,2025-08,1397.05
O00792,C0228,2025-09-30,59,Mumbai,P03,Fashion,CMP03,Loyalty Rewards,App,3,1401.89,0.05,3995.39,0,0,2025-09,3995.39
O00793,C0357,2025-12-03,36,Patna,P01,Electronics,CMP04,New Customer Offer,Social Media,4,4026.71,0.0,16106.84,0,0,2025-12,16106.84
O00794,C0298,2025-08-03,24,Chennai,P02,Home,CMP06,Win Back Campaign,SMS,4,1929.19,0.0,7716.76,1,1,2025-08,7716.76
O00795,C0111,2025-05-22,41,Delhi,P04,Beauty,CMP05,Weekend Flash Sale,Email,2,766.88,0.05,1457.07,1,0,2025-05,1457.07
O00796,C0200,2025-08-21,40,Hyderabad,P02,Home,CMP02,Festival Offer,SMS,1,2045.52,0.05,1943.24,0,0,2025-08,1943.24
O00797,C0386,2025-08-02,48,Kolkata,P02,Home,CMP02,Festival Offer,SMS,2,2159.22,0.1,3886.6,0,0,2025-08,3886.6
O00798,C0042,2025-06-11,34,Bengaluru,P04,Beauty,CMP04,New Customer Offer,Social Media,3,1072.15,0.1,2894.8,1,0,2025-06,2894.8
O00799,C0132,2025-04-21,58,Chennai,P06,Sports,CMP01,Summer Sale,Email,5,1689.04,0.0,8445.2,0,0,2025-04,8445.2
O00800,C0256,2025-01-31,22,Patna,P01,Electronics,CMP03,Loyalty Rewards,App,3,3356.9,0.05,9567.17,1,0,2025-01,9567.17
O00801,C0566,2025-11-28,57,Mumbai,P03,Fashion,CMP04,New Customer Offer,Social Media,1,1269.5,0.0,1269.5,0,0,2025-11,1269.5
O00802,C0261,2025-04-27,44,Kolkata,P03,Fashion,CMP06,Win Back Campaign,SMS,1,951.06,0.05,903.51,0,0,2025-04,903.51
O00803,C0420,2025-09-05,33,Patna,P01,Electronics,CMP04,New Customer Offer,Social Media,3,3233.38,0.15,8245.12,0,0,2025-09,8245.12
O00804,C0513,2025-12-30,26,Hyderabad,P02,Home,CMP06,Win Back Campaign,SMS,4,2203.04,0.15,7490.34,1,1,2025-12,7490.34
O00805,C0257,2025-06-25,46,Bengaluru,P04,Beauty,CMP01,Summer Sale,Email,1,1158.52,0.1,1042.67,0,0,2025-06,1042.67
O00806,C0040,2025-08-14,31,Bengaluru,P03,Fashion,CMP05,Weekend Flash Sale,Email,2,1142.69,0.1,2056.84,0,0,2025-08,2056.84
O00807,C0440,2025-02-13,50,Chennai,P03,Fashion,CMP05,Weekend Flash Sale,Email,3,1338.17,0.1,3613.06,1,0,2025-02,3613.06
O00808,C0416,2025-11-03,58,Patna,P05,Grocery,CMP06,Win Back Campaign,SMS,2,782.9,0.0,1565.8,1,0,2025-11,1565.8
O00809,C0177,2025-05-17,36,Patna,P01,Electronics,CMP05,Weekend Flash Sale,Email,1,4627.82,0.15,3933.65,0,0,2025-05,3933.65
O00810,C0055,2025-03-30,29,Patna,P04,Beauty,CMP05,Weekend Flash Sale,Email,3,781.6,0.0,2344.8,0,0,2025-03,2344.8
O00811,C0525,2025-06-11,26,Hyderabad,P03,Fashion,CMP03,Loyalty Rewards,App,3,1067.4,0.15,2721.87,0,0,2025-06,2721.87
O00812,C0078,2025-05-22,49,Patna,P05,Grocery,CMP06,Win Back Campaign,SMS,2,772.81,0.1,1391.06,0,0,2025-05,1391.06
O00813,C0534,2025-03-07,44,Pune,P02,Home,CMP03,Loyalty Rewards,App,3,1788.77,0.1,4829.68,1,0,2025-03,4829.68
O00814,C0485,2025-11-23,42,Hyderabad,P04,Beauty,CMP03,Loyalty Rewards,App,3,840.87,0.0,2522.61,0,0,2025-11,2522.61
O00815,C0632,2025-07-10,50,Hyderabad,P01,Electronics,CMP05,Weekend Flash Sale,Email,1,4239.26,0.1,3815.33,1,1,2025-07,3815.33
O00816,C0287,2025-05-11,30,Chennai,P06,Sports,CMP04,New Customer Offer,Social Media,4,1962.45,0.05,7457.31,0,0,2025-05,7457.31
O00817,C0420,2025-12-09,38,Bengaluru,P06,Sports,CMP01,Summer Sale,Email,2,1463.79,0.0,2927.58,0,0,2025-12,2927.58
O00818,C0197,2025-03-27,37,Delhi,P05,Grocery,CMP01,Summer Sale,Email,2,761.24,0.1,1370.23,0,0,2025-03,1370.23
O00819,C0464,2025-12-28,58,Bengaluru,P02,Home,CMP05,Weekend Flash Sale,Email,2,1777.24,0.1,3199.03,0,0,2025-12,3199.03
O00820,C0488,2025-08-29,22,Delhi,P04,Beauty,CMP01,Summer Sale,Email,5,750.31,0.15,3188.82,1,0,2025-08,3188.82
O00821,C0056,2025-04-09,25,Pune,P04,Beauty,CMP01,Summer Sale,Email,1,723.24,0.0,723.24,0,0,2025-04,723.24
O00822,C0448,2025-05-28,37,Mumbai,P06,Sports,CMP05,Weekend Flash Sale,Email,3,1965.38,0.0,5896.14,0,0,2025-05,5896.14
O00823,C0360,2025-08-03,24,Mumbai,P04,Beauty,CMP02,Festival Offer,SMS,3,790.55,0.1,2134.48,0,0,2025-08,2134.48
O00824,C0389,2025-04-28,60,Mumbai,P06,Sports,CMP04,New Customer Offer,Social Media,3,1885.76,0.0,5657.28,1,0,2025-04,5657.28
O00825,C0052,2025-08-15,42,Kolkata,P01,Electronics,CMP03,Loyalty Rewards,App,2,5051.77,0.2,8082.83,1,1,2025-08,8082.83
O00826,C0547,2025-07-05,32,Patna,P06,Sports,CMP06,Win Back Campaign,SMS,1,1329.88,0.0,1329.88,0,0,2025-07,1329.88
O00827,C0228,2025-01-28,24,Kolkata,P06,Sports,CMP02,Festival Offer,SMS,8,1331.48,0.0,10651.84,1,1,2025-01,10651.84
O00828,C0198,2025-12-25,45,Patna,P05,Grocery,CMP05,Weekend Flash Sale,Email,1,727.12,0.0,727.12,0,0,2025-12,727.12
O00829,C0041,2025-10-17,58,Pune,P05,Grocery,CMP06,Win Back Campaign,SMS,3,738.58,0.15,1883.38,1,1,2025-10,1883.38
O00830,C0020,2025-09-02,36,Chennai,P03,Fashion,CMP02,Festival Offer,SMS,4,1325.58,0.05,5037.2,0,0,2025-09,5037.2
O00831,C0345,2025-09-05,20,Bengaluru,P03,Fashion,CMP05,Weekend Flash Sale,Email,2,990.43,0.05,1881.82,0,0,2025-09,1881.82
O00832,C0449,2025-09-08,44,Patna,P03,Fashion,CMP02,Festival Offer,SMS,3,1043.81,0.0,3131.43,1,1,2025-09,3131.43
O00833,C0368,2025-07-02,41,Chennai,P06,Sports,CMP02,Festival Offer,SMS,6,1803.67,0.0,10822.02,0,0,2025-07,10822.02
O00834,C0203,2025-07-19,26,Hyderabad,P01,Electronics,CMP06,Win Back Campaign,SMS,1,3802.92,0.05,3612.77,0,0,2025-07,3612.77
O00835,C0358,2025-11-04,32,Patna,P06,Sports,CMP01,Summer Sale,Email,1,1414.3,0.15,1202.16,0,0,2025-11,1202.16
O00836,C0120,2025-08-23,34,Delhi,P04,Beauty,CMP02,Festival Offer,SMS,7,844.96,0.2,4731.78,0,0,2025-08,4731.78
O00837,C0363,2025-06-18,60,Pune,P01,Electronics,CMP05,Weekend Flash Sale,Email,2,3231.96,0.05,6140.72,0,0,2025-06,6140.72
O00838,C0420,2025-03-10,33,Kolkata,P02,Home,CMP03,Loyalty Rewards,App,1,2245.99,0.2,1796.79,0,0,2025-03,1796.79
O00839,C0282,2025-10-18,33,Delhi,P02,Home,CMP01,Summer Sale,Email,2,1932.82,0.1,3479.08,0,0,2025-10,3479.08
O00840,C0641,2025-05-18,55,Mumbai,P01,Electronics,CMP03,Loyalty Rewards,App,3,5120.21,0.1,13824.57,1,0,2025-05,13824.57
O00841,C0629,2025-09-29,49,Patna,P04,Beauty,CMP01,Summer Sale,Email,3,777.65,0.1,2099.65,0,0,2025-09,2099.65
O00842,C0054,2025-08-07,23,Mumbai,P02,Home,CMP01,Summer Sale,Email,6,2224.49,0.1,12012.25,0,0,2025-08,12012.25
O00843,C0060,2025-11-15,38,Kolkata,P05,Grocery,CMP03,Loyalty Rewards,App,1,553.1,0.05,525.45,0,0,2025-11,525.45
O00844,C0612,2025-08-25,59,Bengaluru,P05,Grocery,CMP05,Weekend Flash Sale,Email,6,657.14,0.05,3745.7,0,0,2025-08,3745.7
O00845,C0345,2025-07-09,48,Delhi,P02,Home,CMP05,Weekend Flash Sale,Email,3,1608.22,0.0,4824.66,1,0,2025-07,4824.66
O00846,C0200,2025-11-14,51,Kolkata,P01,Electronics,CMP01,Summer Sale,Email,2,4845.33,0.05,9206.13,0,0,2025-11,9206.13
O00847,C0060,2025-05-15,34,Bengaluru,P02,Home,CMP06,Win Back Campaign,SMS,2,1911.59,0.1,3440.86,1,1,2025-05,3440.86
O00848,C0650,2025-06-16,36,Bengaluru,P06,Sports,CMP02,Festival Offer,SMS,6,1826.94,0.0,10961.64,0,0,2025-06,10961.64
O00849,C0636,2025-09-22,60,Hyderabad,P05,Grocery,CMP06,Win Back Campaign,SMS,1,647.41,0.1,582.67,0,0,2025-09,582.67
O00850,C0564,2025-06-01,37,Hyderabad,P05,Grocery,CMP02,Festival Offer,SMS,2,569.24,0.15,967.71,0,0,2025-06,967.71
O00851,C0465,2025-08-08,36,Patna,P03,Fashion,CMP06,Win Back Campaign,SMS,1,935.48,0.15,795.16,0,0,2025-08,795.16
O00852,C0461,2025-11-23,27,Patna,P03,Fashion,CMP02,Festival Offer,SMS,2,1149.04,0.05,2183.18,1,1,2025-11,2183.18
O00853,C0045,2025-08-21,48,Kolkata,P03,Fashion,CMP05,Weekend Flash Sale,Email,2,921.61,0.15,1566.74,1,1,2025-08,1566.74
O00854,C0422,2025-07-31,48,Chennai,P01,Electronics,CMP01,Summer Sale,Email,1,4427.1,0.05,4205.74,0,0,2025-07,4205.74
O00855,C0557,2025-11-22,44,Pune,P01,Electronics,CMP02,Festival Offer,SMS,6,4903.84,0.0,29423.04,0,0,2025-11,29423.04
O00856,C0081,2025-08-06,42,Pune,P05,Grocery,CMP04,New Customer Offer,Social Media,2,678.86,0.0,1357.72,0,0,2025-08,1357.72
O00857,C0426,2025-11-27,57,Patna,P03,Fashion,CMP05,Weekend Flash Sale,Email,7,921.05,0.0,6447.35,0,0,2025-11,6447.35
O00858,C0123,2025-07-26,47,Mumbai,P03,Fashion,CMP03,Loyalty Rewards,App,2,996.13,0.15,1693.42,1,0,2025-07,1693.42
O00859,C0147,2025-02-28,54,Patna,P03,Fashion,CMP01,Summer Sale,Email,6,1150.93,0.0,6905.58,0,0,2025-02,6905.58
O00860,C0002,2025-11-06,37,Hyderabad,P03,Fashion,CMP04,New Customer Offer,Social Media,2,1253.34,0.05,2381.35,1,1,2025-11,2381.35
O00861,C0208,2025-03-11,52,Mumbai,P01,Electronics,CMP05,Weekend Flash Sale,Email,1,4988.22,0.1,4489.4,0,0,2025-03,4489.4
O00862,C0444,2025-11-24,38,Bengaluru,P06,Sports,CMP01,Summer Sale,Email,1,1708.47,0.1,1537.62,0,0,2025-11,1537.62
O00863,C0332,2025-07-30,57,Pune,P01,Electronics,CMP04,New Customer Offer,Social Media,7,4029.54,0.1,25386.1,1,1,2025-07,25386.1
O00864,C0062,2025-10-08,25,Chennai,P05,Grocery,CMP01,Summer Sale,Email,1,649.57,0.05,617.09,0,0,2025-10,617.09
O00865,C0165,2025-06-23,58,Pune,P05,Grocery,CMP01,Summer Sale,Email,4,594.13,0.05,2257.69,0,0,2025-06,2257.69
O00866,C0320,2025-02-04,31,Bengaluru,P01,Electronics,CMP02,Festival Offer,SMS,2,4058.38,0.0,8116.76,0,0,2025-02,8116.76
O00867,C0110,2025-11-26,54,Delhi,P06,Sports,CMP05,Weekend Flash Sale,Email,1,1333.62,0.05,1266.94,0,0,2025-11,1266.94
O00868,C0136,2025-12-19,25,Delhi,P02,Home,CMP03,Loyalty Rewards,App,4,1424.15,0.0,5696.6,0,0,2025-12,5696.6
O00869,C0007,2025-03-26,25,Chennai,P05,Grocery,CMP04,New Customer Offer,Social Media,5,607.71,0.05,2886.62,0,0,2025-03,2886.62
O00870,C0350,2025-08-13,24,Delhi,P01,Electronics,CMP02,Festival Offer,SMS,1,5219.04,0.0,5219.04,1,1,2025-08,5219.04
O00871,C0487,2025-03-27,36,Chennai,P02,Home,CMP03,Loyalty Rewards,App,4,1786.62,0.1,6431.83,0,0,2025-03,6431.83
O00872,C0172,2025-08-04,40,Mumbai,P03,Fashion,CMP02,Festival Offer,SMS,7,973.12,0.0,6811.84,0,0,2025-08,6811.84
O00873,C0193,2025-07-26,35,Patna,P03,Fashion,CMP06,Win Back Campaign,SMS,1,1132.27,0.15,962.43,1,1,2025-07,962.43
O00874,C0334,2025-11-19,35,Kolkata,P03,Fashion,CMP04,New Customer Offer,Social Media,3,1176.15,0.15,2999.18,0,0,2025-11,2999.18
O00875,C0480,2025-01-04,23,Hyderabad,P04,Beauty,CMP04,New Customer Offer,Social Media,2,887.66,0.05,1686.55,0,0,2025-01,1686.55
O00876,C0509,2025-05-15,41,Bengaluru,P06,Sports,CMP05,Weekend Flash Sale,Email,1,1701.1,0.1,1530.99,0,0,2025-05,1530.99
O00877,C0363,2025-03-11,21,Bengaluru,P04,Beauty,CMP02,Festival Offer,SMS,1,981.06,0.05,932.01,0,0,2025-03,932.01
O00878,C0274,2025-09-09,42,Mumbai,P06,Sports,CMP04,New Customer Offer,Social Media,3,1263.84,0.0,3791.52,0,0,2025-09,3791.52
O00879,C0425,2025-03-24,45,Mumbai,P06,Sports,CMP04,New Customer Offer,Social Media,6,1474.17,0.0,8845.02,0,0,2025-03,8845.02
O00880,C0212,2025-06-16,48,Delhi,P04,Beauty,CMP03,Loyalty Rewards,App,1,960.65,0.1,864.58,0,0,2025-06,864.58
O00881,C0312,2025-03-14,26,Delhi,P03,Fashion,CMP06,Win Back Campaign,SMS,1,1464.2,0.0,1464.2,0,0,2025-03,1464.2
O00882,C0555,2025-02-20,46,Hyderabad,P05,Grocery,CMP03,Loyalty Rewards,App,6,734.53,0.1,3966.46,0,0,2025-02,3966.46
O00883,C0611,2025-06-22,29,Mumbai,P05,Grocery,CMP05,Weekend Flash Sale,Email,1,783.04,0.0,783.04,0,0,2025-06,783.04
O00884,C0082,2025-03-28,21,Patna,P06,Sports,CMP05,Weekend Flash Sale,Email,6,1672.52,0.15,8529.85,1,0,2025-03,8529.85
O00885,C0184,2025-03-14,36,Bengaluru,P03,Fashion,CMP04,New Customer Offer,Social Media,2,1036.33,0.1,1865.39,0,0,2025-03,1865.39
O00886,C0271,2025-08-03,30,Chennai,P04,Beauty,CMP01,Summer Sale,Email,2,1076.31,0.1,1937.36,1,0,2025-08,1937.36
O00887,C0171,2025-06-16,38,Mumbai,P01,Electronics,CMP02,Festival Offer,SMS,2,4337.99,0.05,8242.18,1,1,2025-06,8242.18
O00888,C0453,2025-08-02,52,Delhi,P02,Home,CMP05,Weekend Flash Sale,Email,4,2081.57,0.0,8326.28,0,0,2025-08,8326.28
O00889,C0343,2025-06-19,50,Chennai,P05,Grocery,CMP06,Win Back Campaign,SMS,2,509.21,0.1,916.58,0,0,2025-06,916.58
O00890,C0617,2025-06-01,20,Hyderabad,P03,Fashion,CMP06,Win Back Campaign,SMS,10,966.36,0.15,8214.06,0,0,2025-06,8214.06
O00891,C0282,2025-12-03,27,Pune,P02,Home,CMP06,Win Back Campaign,SMS,2,1730.4,0.1,3114.72,1,0,2025-12,3114.72
O00892,C0264,2025-05-17,38,Delhi,P06,Sports,CMP06,Win Back Campaign,SMS,5,1665.31,0.15,7077.57,0,0,2025-05,7077.57
O00893,C0454,2025-03-28,21,Delhi,P04,Beauty,CMP04,New Customer Offer,Social Media,4,1003.71,0.15,3412.61,1,0,2025-03,3412.61
O00894,C0246,2025-03-07,20,Patna,P04,Beauty,CMP05,Weekend Flash Sale,Email,1,721.49,0.0,721.49,0,0,2025-03,721.49
O00895,C0094,2025-02-17,29,Bengaluru,P06,Sports,CMP06,Win Back Campaign,SMS,1,1752.57,0.1,1577.31,1,1,2025-02,1577.31
O00896,C0440,2025-05-06,51,Hyderabad,P05,Grocery,CMP06,Win Back Campaign,SMS,5,793.16,0.1,3569.22,0,0,2025-05,3569.22
O00897,C0179,2025-08-08,32,Mumbai,P04,Beauty,CMP04,New Customer Offer,Social Media,1,1093.82,0.0,1093.82,1,0,2025-08,1093.82
O00898,C0315,2025-08-18,30,Chennai,P03,Fashion,CMP03,Loyalty Rewards,App,4,1446.77,0.1,5208.37,0,0,2025-08,5208.37
O00899,C0038,2025-03-28,43,Chennai,P06,Sports,CMP03,Loyalty Rewards,App,6,1983.04,0.0,11898.24,1,1,2025-03,11898.24
O00900,C0074,2025-03-22,46,Mumbai,P03,Fashion,CMP03,Loyalty Rewards,App,1,1248.57,0.05,1186.14,1,0,2025-03,1186.14
O00901,C0584,2025-03-08,43,Delhi,P05,Grocery,CMP05,Weekend Flash Sale,Email,3,710.45,0.0,2131.35,0,0,2025-03,2131.35
O00902,C0267,2025-12-11,40,Kolkata,P05,Grocery,CMP04,New Customer Offer,Social Media,3,506.67,0.0,1520.01,0,0,2025-12,1520.01
O00903,C0308,2025-05-03,51,Kolkata,P01,Electronics,CMP03,Loyalty Rewards,App,1,3590.74,0.05,3411.2,0,0,2025-05,3411.2
O00904,C0397,2025-01-16,34,Hyderabad,P01,Electronics,CMP01,Summer Sale,Email,2,4917.26,0.2,7867.62,0,0,2025-01,7867.62
O00905,C0172,2025-05-19,52,Patna,P02,Home,CMP02,Festival Offer,SMS,1,1461.49,0.15,1242.27,0,0,2025-05,1242.27
O00906,C0636,2025-02-27,42,Hyderabad,P05,Grocery,CMP03,Loyalty Rewards,App,2,779.94,0.1,1403.89,0,0,2025-02,1403.89
O00907,C0159,2025-09-02,48,Hyderabad,P05,Grocery,CMP06,Win Back Campaign,SMS,3,504.61,0.0,1513.83,0,0,2025-09,1513.83
O00908,C0547,2025-12-01,35,Pune,P06,Sports,CMP05,Weekend Flash Sale,Email,4,1289.06,0.2,4124.99,1,1,2025-12,4124.99
O00909,C0214,2025-06-18,31,Chennai,P02,Home,CMP04,New Customer Offer,Social Media,1,1868.54,0.1,1681.69,0,0,2025-06,1681.69
O00910,C0488,2025-02-10,51,Hyderabad,P04,Beauty,CMP01,Summer Sale,Email,3,904.12,0.0,2712.36,0,0,2025-02,2712.36
O00911,C0558,2025-03-17,22,Kolkata,P02,Home,CMP04,New Customer Offer,Social Media,6,1999.75,0.15,10198.72,1,1,2025-03,10198.72
O00912,C0207,2025-03-05,40,Mumbai,P06,Sports,CMP01,Summer Sale,Email,1,1447.14,0.15,1230.07,1,1,2025-03,1230.07
O00913,C0529,2025-03-23,37,Hyderabad,P06,Sports,CMP02,Festival Offer,SMS,5,1291.14,0.05,6132.92,1,0,2025-03,6132.92
O00914,C0100,2025-04-28,59,Kolkata,P02,Home,CMP06,Win Back Campaign,SMS,8,1514.14,0.0,12113.12,0,0,2025-04,12113.12
O00915,C0072,2025-01-12,24,Bengaluru,P06,Sports,CMP06,Win Back Campaign,SMS,1,1401.95,0.15,1191.66,0,0,2025-01,1191.66
O00916,C0297,2025-07-16,43,Patna,P05,Grocery,CMP02,Festival Offer,SMS,3,765.48,0.0,2296.44,0,0,2025-07,2296.44
O00917,C0474,2025-04-18,39,Delhi,P05,Grocery,CMP04,New Customer Offer,Social Media,3,711.21,0.15,1813.59,0,0,2025-04,1813.59
O00918,C0457,2025-07-24,40,Bengaluru,P02,Home,CMP01,Summer Sale,Email,1,2104.31,0.1,1893.88,1,0,2025-07,1893.88
O00919,C0185,2025-05-05,44,Bengaluru,P02,Home,CMP03,Loyalty Rewards,App,4,2122.86,0.1,7642.3,1,1,2025-05,7642.3
O00920,C0523,2025-07-21,49,Kolkata,P06,Sports,CMP05,Weekend Flash Sale,Email,2,1348.04,0.2,2156.86,1,0,2025-07,2156.86
O00921,C0095,2025-06-06,27,Pune,P03,Fashion,CMP03,Loyalty Rewards,App,6,961.97,0.1,5194.64,1,1,2025-06,5194.64
O00922,C0024,2025-04-10,32,Bengaluru,P04,Beauty,CMP01,Summer Sale,Email,1,1109.53,0.05,1054.05,1,0,2025-04,1054.05
O00923,C0273,2025-11-13,47,Mumbai,P04,Beauty,CMP03,Loyalty Rewards,App,5,791.16,0.0,3955.8,1,0,2025-11,3955.8
O00924,C0050,2025-07-17,26,Patna,P05,Grocery,CMP03,Loyalty Rewards,App,3,508.26,0.1,1372.3,1,0,2025-07,1372.3
O00925,C0419,2025-02-03,55,Hyderabad,P05,Grocery,CMP03,Loyalty Rewards,App,1,617.02,0.1,555.32,1,0,2025-02,555.32
O00926,C0380,2025-10-21,48,Delhi,P06,Sports,CMP06,Win Back Campaign,SMS,3,1908.19,0.0,5724.57,0,0,2025-10,5724.57
O00927,C0025,2025-06-19,20,Chennai,P02,Home,CMP02,Festival Offer,SMS,4,1807.56,0.05,6868.73,0,0,2025-06,6868.73
O00928,C0228,2025-02-03,26,Kolkata,P06,Sports,CMP02,Festival Offer,SMS,4,1599.3,0.15,5437.62,0,0,2025-02,5437.62
O00929,C0644,2025-06-26,42,Mumbai,P01,Electronics,CMP05,Weekend Flash Sale,Email,2,3926.62,0.0,7853.24,1,1,2025-06,7853.24
O00930,C0004,2025-02-08,40,Bengaluru,P02,Home,CMP05,Weekend Flash Sale,Email,1,1799.05,0.0,1799.05,0,0,2025-02,1799.05
O00931,C0186,2025-10-23,25,Hyderabad,P03,Fashion,CMP03,Loyalty Rewards,App,4,1495.89,0.0,5983.56,0,0,2025-10,5983.56
O00932,C0324,2025-09-19,41,Chennai,P05,Grocery,CMP03,Loyalty Rewards,App,1,708.45,0.1,637.6,0,0,2025-09,637.6
O00933,C0420,2025-05-16,46,Patna,P03,Fashion,CMP02,Festival Offer,SMS,5,1364.65,0.1,6140.92,0,0,2025-05,6140.92
O00934,C0311,2025-09-24,51,Mumbai,P03,Fashion,CMP04,New Customer Offer,Social Media,2,1371.06,0.0,2742.12,0,0,2025-09,2742.12
O00935,C0558,2025-09-10,22,Pune,P05,Grocery,CMP05,Weekend Flash Sale,Email,2,721.13,0.0,1442.26,0,0,2025-09,1442.26
O00936,C0061,2025-09-16,58,Chennai,P04,Beauty,CMP01,Summer Sale,Email,6,920.67,0.05,5247.82,0,0,2025-09,5247.82
O00937,C0412,2025-11-16,34,Delhi,P04,Beauty,CMP04,New Customer Offer,Social Media,4,1010.11,0.1,3636.4,0,0,2025-11,3636.4
O00938,C0166,2025-03-11,44,Patna,P04,Beauty,CMP03,Loyalty Rewards,App,1,1093.06,0.15,929.1,0,0,2025-03,929.1
O00939,C0188,2025-10-10,54,Mumbai,P03,Fashion,CMP02,Festival Offer,SMS,6,1004.45,0.15,5122.7,1,1,2025-10,5122.7
O00940,C0290,2025-06-15,28,Pune,P05,Grocery,CMP03,Loyalty Rewards,App,4,615.29,0.0,2461.16,1,1,2025-06,2461.16
O00941,C0639,2025-04-25,54,Patna,P03,Fashion,CMP05,Weekend Flash Sale,Email,2,1096.89,0.1,1974.4,0,0,2025-04,1974.4
O00942,C0165,2025-09-05,59,Delhi,P03,Fashion,CMP03,Loyalty Rewards,App,6,954.33,0.15,4867.08,0,0,2025-09,4867.08
O00943,C0568,2025-02-12,26,Chennai,P05,Grocery,CMP03,Loyalty Rewards,App,3,766.22,0.1,2068.79,0,0,2025-02,2068.79
O00944,C0055,2025-11-01,51,Kolkata,P01,Electronics,CMP03,Loyalty Rewards,App,2,3469.75,0.15,5898.58,0,0,2025-11,5898.58
O00945,C0041,2025-11-28,56,Mumbai,P03,Fashion,CMP05,Weekend Flash Sale,Email,6,1074.11,0.05,6122.43,1,0,2025-11,6122.43
O00946,C0633,2025-06-05,30,Delhi,P06,Sports,CMP02,Festival Offer,SMS,3,1395.84,0.0,4187.52,1,1,2025-06,4187.52
O00947,C0283,2025-06-06,51,Bengaluru,P01,Electronics,CMP01,Summer Sale,Email,3,3778.8,0.0,11336.4,0,0,2025-06,11336.4
O00948,C0164,2025-03-10,44,Patna,P05,Grocery,CMP04,New Customer Offer,Social Media,2,799.36,0.1,1438.85,0,0,2025-03,1438.85
O00949,C0089,2025-07-24,20,Mumbai,P01,Electronics,CMP06,Win Back Campaign,SMS,1,3511.85,0.0,3511.85,1,0,2025-07,3511.85
O00950,C0557,2025-01-05,24,Patna,P06,Sports,CMP05,Weekend Flash Sale,Email,4,1318.0,0.0,5272.0,1,1,2025-01,5272.0
O00951,C0090,2025-12-02,53,Patna,P04,Beauty,CMP06,Win Back Campaign,SMS,1,763.71,0.15,649.15,0,0,2025-12,649.15
O00952,C0647,2025-03-25,22,Hyderabad,P04,Beauty,CMP02,Festival Offer,SMS,2,954.65,0.05,1813.83,1,0,2025-03,1813.83
O00953,C0165,2025-07-19,47,Bengaluru,P03,Fashion,CMP03,Loyalty Rewards,App,4,1487.92,0.1,5356.51,0,0,2025-07,5356.51
O00954,C0460,2025-03-29,43,Hyderabad,P01,Electronics,CMP05,Weekend Flash Sale,Email,1,4109.96,0.1,3698.96,0,0,2025-03,3698.96
O00955,C0173,2025-03-05,41,Kolkata,P02,Home,CMP05,Weekend Flash Sale,Email,1,2116.41,0.1,1904.77,1,1,2025-03,1904.77
O00956,C0499,2025-07-08,53,Patna,P01,Electronics,CMP05,Weekend Flash Sale,Email,2,3463.13,0.1,6233.63,0,0,2025-07,6233.63
O00957,C0548,2025-09-14,24,Chennai,P01,Electronics,CMP03,Loyalty Rewards,App,7,3394.53,0.0,23761.71,0,0,2025-09,23761.71
O00958,C0543,2025-02-06,29,Delhi,P06,Sports,CMP05,Weekend Flash Sale,Email,3,1466.54,0.0,4399.62,0,0,2025-02,4399.62
O00959,C0285,2025-01-29,50,Chennai,P04,Beauty,CMP05,Weekend Flash Sale,Email,4,1129.95,0.0,4519.8,1,0,2025-01,4519.8
O00960,C0234,2025-02-05,52,Pune,P03,Fashion,CMP05,Weekend Flash Sale,Email,2,1269.81,0.0,2539.62,0,0,2025-02,2539.62
O00961,C0204,2025-05-22,20,Kolkata,P06,Sports,CMP02,Festival Offer,SMS,6,1792.69,0.0,10756.14,0,0,2025-05,10756.14
O00962,C0329,2025-06-01,37,Patna,P06,Sports,CMP03,Loyalty Rewards,App,3,1266.46,0.15,3229.47,0,0,2025-06,3229.47
O00963,C0037,2025-01-08,56,Chennai,P04,Beauty,CMP02,Festival Offer,SMS,1,741.67,0.1,667.5,0,0,2025-01,667.5
O00964,C0425,2025-01-21,31,Bengaluru,P03,Fashion,CMP04,New Customer Offer,Social Media,3,1285.11,0.1,3469.8,1,1,2025-01,3469.8
O00965,C0001,2025-12-15,51,Patna,P05,Grocery,CMP03,Loyalty Rewards,App,3,737.42,0.2,1769.81,1,0,2025-12,1769.81
O00966,C0207,2025-06-25,55,Kolkata,P06,Sports,CMP01,Summer Sale,Email,1,1222.26,0.1,1100.03,0,0,2025-06,1100.03
O00967,C0588,2025-04-17,59,Hyderabad,P05,Grocery,CMP04,New Customer Offer,Social Media,6,540.57,0.15,2756.91,0,0,2025-04,2756.91
O00968,C0226,2025-12-17,35,Bengaluru,P01,Electronics,CMP05,Weekend Flash Sale,Email,3,4467.2,0.0,13401.6,0,0,2025-12,13401.6
O00969,C0038,2025-03-03,29,Hyderabad,P02,Home,CMP04,New Customer Offer,Social Media,3,1437.07,0.0,4311.21,1,1,2025-03,4311.21
O00970,C0642,2025-11-11,41,Patna,P06,Sports,CMP06,Win Back Campaign,SMS,4,1292.43,0.1,4652.75,1,0,2025-11,4652.75
O00971,C0079,2025-07-14,31,Pune,P05,Grocery,CMP05,Weekend Flash Sale,Email,7,684.05,0.0,4788.35,0,0,2025-07,4788.35
O00972,C0038,2025-09-20,39,Delhi,P06,Sports,CMP03,Loyalty Rewards,App,1,1407.5,0.15,1196.38,0,0,2025-09,1196.38
O00973,C0221,2025-09-10,47,Mumbai,P06,Sports,CMP05,Weekend Flash Sale,Email,2,1348.72,0.0,2697.44,0,0,2025-09,2697.44
O00974,C0269,2025-10-14,33,Patna,P02,Home,CMP03,Loyalty Rewards,App,2,1959.25,0.05,3722.58,0,0,2025-10,3722.58
O00975,C0128,2025-08-24,37,Patna,P06,Sports,CMP02,Festival Offer,SMS,1,1388.85,0.1,1249.96,0,0,2025-08,1249.96
O00976,C0612,2025-03-14,40,Patna,P04,Beauty,CMP05,Weekend Flash Sale,Email,3,929.73,0.1,2510.27,1,1,2025-03,2510.27
O00977,C0098,2025-10-15,50,Chennai,P02,Home,CMP03,Loyalty Rewards,App,1,1641.74,0.1,1477.57,0,0,2025-10,1477.57
O00978,C0574,2025-08-02,41,Patna,P06,Sports,CMP01,Summer Sale,Email,1,1757.65,0.1,1581.89,0,0,2025-08,1581.89
O00979,C0635,2025-09-28,43,Chennai,P04,Beauty,CMP06,Win Back Campaign,SMS,3,789.03,0.05,2248.74,0,0,2025-09,2248.74
O00980,C0447,2025-08-12,57,Kolkata,P02,Home,CMP04,New Customer Offer,Social Media,1,1677.82,0.05,1593.93,0,0,2025-08,1593.93
O00981,C0317,2025-02-07,52,Delhi,P06,Sports,CMP02,Festival Offer,SMS,1,1398.88,0.15,1189.05,1,1,2025-02,1189.05
O00982,C0635,2025-07-27,51,Pune,P04,Beauty,CMP05,Weekend Flash Sale,Email,1,1063.75,0.0,1063.75,0,0,2025-07,1063.75
O00983,C0610,2025-12-21,45,Patna,P03,Fashion,CMP06,Win Back Campaign,SMS,1,1316.91,0.0,1316.91,1,0,2025-12,1316.91
O00984,C0276,2025-06-06,27,Pune,P06,Sports,CMP03,Loyalty Rewards,App,3,1623.65,0.2,3896.76,0,0,2025-06,3896.76
O00985,C0602,2025-07-15,52,Hyderabad,P04,Beauty,CMP03,Loyalty Rewards,App,5,961.02,0.1,4324.59,0,0,2025-07,4324.59
O00986,C0010,2025-01-24,58,Hyderabad,P04,Beauty,CMP02,Festival Offer,SMS,3,743.45,0.1,2007.32,0,0,2025-01,2007.32
O00987,C0640,2025-10-30,43,Kolkata,P02,Home,CMP01,Summer Sale,Email,2,2054.4,0.15,3492.48,1,0,2025-10,3492.48
O00988,C0480,2025-09-25,36,Mumbai,P03,Fashion,CMP02,Festival Offer,SMS,2,995.61,0.0,1991.22,0,0,2025-09,1991.22
O00989,C0602,2025-01-13,30,Bengaluru,P03,Fashion,CMP03,Loyalty Rewards,App,2,961.66,0.05,1827.15,0,0,2025-01,1827.15
O00990,C0476,2025-04-22,24,Kolkata,P06,Sports,CMP06,Win Back Campaign,SMS,4,1729.11,0.1,6224.8,0,0,2025-04,6224.8
O00991,C0613,2025-10-02,54,Pune,P06,Sports,CMP03,Loyalty Rewards,App,9,1526.53,0.0,13738.77,0,0,2025-10,13738.77
O00992,C0335,2025-06-22,30,Delhi,P01,Electronics,CMP06,Win Back Campaign,SMS,1,3792.29,0.05,3602.68,0,0,2025-06,3602.68
O00993,C0529,2025-03-19,25,Pune,P01,Electronics,CMP06,Win Back Campaign,SMS,7,3511.58,0.0,24581.06,0,0,2025-03,24581.06
O00994,C0263,2025-06-07,25,Bengaluru,P02,Home,CMP05,Weekend Flash Sale,Email,3,2036.56,0.05,5804.2,1,0,2025-06,5804.2
O00995,C0270,2025-05-21,30,Bengaluru,P02,Home,CMP05,Weekend Flash Sale,Email,3,2137.87,0.05,6092.93,0,0,2025-05,6092.93
O00996,C0028,2025-04-07,25,Delhi,P05,Grocery,CMP01,Summer Sale,Email,1,635.98,0.0,635.98,0,0,2025-04,635.98
O00997,C0321,2025-01-17,41,Pune,P05,Grocery,CMP02,Festival Offer,SMS,2,570.54,0.2,912.86,0,0,2025-01,912.86
O00998,C0186,2025-11-24,43,Kolkata,P02,Home,CMP06,Win Back Campaign,SMS,5,1416.92,0.05,6730.37,0,0,2025-11,6730.37
O00999,C0164,2025-10-25,54,Delhi,P01,Electronics,CMP05,Weekend Flash Sale,Email,1,4916.9,0.15,4179.36,1,1,2025-10,4179.36
O01000,C0093,2025-11-09,43,Delhi,P06,Sports,CMP02,Festival Offer,SMS,3,1253.63,0.1,3384.8,1,1,2025-11,3384.8
O01001,C0573,2025-12-16,40,Pune,P06,Sports,CMP04,New Customer Offer,Social Media,3,1364.9,0.2,3275.76,1,0,2025-12,3275.76
O01002,C0641,2025-04-07,50,Chennai,P05,Grocery,CMP05,Weekend Flash Sale,Email,1,548.49,0.0,548.49,0,0,2025-04,548.49
O01003,C0264,2025-08-25,32,Kolkata,P03,Fashion,CMP03,Loyalty Rewards,App,2,1364.03,0.0,2728.06,0,0,2025-08,2728.06
O01004,C0641,2025-12-10,54,Bengaluru,P05,Grocery,CMP02,Festival Offer,SMS,5,619.3,0.1,2786.85,0,0,2025-12,2786.85
O01005,C0372,2025-11-15,55,Patna,P01,Electronics,CMP05,Weekend Flash Sale,Email,1,4855.37,0.0,4855.37,0,0,2025-11,4855.37
O01006,C0039,2025-12-18,35,Mumbai,P03,Fashion,CMP02,Festival Offer,SMS,3,1259.72,0.05,3590.2,0,0,2025-12,3590.2
O01007,C0060,2025-05-21,31,Kolkata,P03,Fashion,CMP01,Summer Sale,Email,2,1265.87,0.2,2025.39,0,0,2025-05,2025.39
O01008,C0218,2025-11-22,46,Bengaluru,P01,Electronics,CMP04,New Customer Offer,Social Media,1,3197.35,0.05,3037.48,0,0,2025-11,3037.48
O01009,C0033,2025-04-05,21,Mumbai,P03,Fashion,CMP02,Festival Offer,SMS,1,900.16,0.0,900.16,0,0,2025-04,900.16
O01010,C0615,2025-10-28,40,Mumbai,P01,Electronics,CMP04,New Customer Offer,Social Media,4,5237.16,0.0,20948.64,0,0,2025-10,20948.64
O01011,C0019,2025-11-23,43,Patna,P02,Home,CMP02,Festival Offer,SMS,2,1513.32,0.1,2723.98,0,0,2025-11,2723.98
O01012,C0583,2025-08-02,54,Mumbai,P02,Home,CMP05,Weekend Flash Sale,Email,2,1568.01,0.15,2665.62,1,1,2025-08,2665.62
O01013,C0044,2025-04-10,27,Mumbai,P03,Fashion,CMP02,Festival Offer,SMS,4,1332.4,0.0,5329.6,0,0,2025-04,5329.6
O01014,C0450,2025-06-24,32,Mumbai,P05,Grocery,CMP03,Loyalty Rewards,App,2,648.03,0.15,1101.65,0,0,2025-06,1101.65
O01015,C0294,2025-04-08,52,Pune,P03,Fashion,CMP04,New Customer Offer,Social Media,1,1044.82,0.1,940.34,1,1,2025-04,940.34
O01016,C0041,2025-06-05,50,Chennai,P06,Sports,CMP01,Summer Sale,Email,1,1711.32,0.1,1540.19,0,0,2025-06,1540.19
O01017,C0621,2025-07-25,56,Mumbai,P04,Beauty,CMP06,Win Back Campaign,SMS,3,1035.91,0.05,2952.34,1,1,2025-07,2952.34
O01018,C0561,2025-12-06,47,Hyderabad,P04,Beauty,CMP01,Summer Sale,Email,2,1052.93,0.0,2105.86,0,0,2025-12,2105.86
O01019,C0076,2025-12-10,49,Kolkata,P04,Beauty,CMP01,Summer Sale,Email,3,953.29,0.15,2430.89,1,0,2025-12,2430.89
O01020,C0109,2025-11-24,57,Kolkata,P02,Home,CMP02,Festival Offer,SMS,3,2004.93,0.15,5112.57,1,0,2025-11,5112.57
O01021,C0491,2025-03-23,40,Delhi,P01,Electronics,CMP05,Weekend Flash Sale,Email,3,4574.62,0.1,12351.47,0,0,2025-03,12351.47
O01022,C0153,2025-04-18,21,Patna,P05,Grocery,CMP02,Festival Offer,SMS,1,529.85,0.1,476.86,1,1,2025-04,476.86
O01023,C0313,2025-09-20,28,Bengaluru,P05,Grocery,CMP05,Weekend Flash Sale,Email,2,619.13,0.1,1114.43,0,0,2025-09,1114.43
O01024,C0543,2025-04-20,37,Kolkata,P03,Fashion,CMP02,Festival Offer,SMS,1,1026.1,0.0,1026.1,0,0,2025-04,1026.1
O01025,C0330,2025-09-11,56,Chennai,P04,Beauty,CMP02,Festival Offer,SMS,1,830.12,0.1,747.11,0,0,2025-09,747.11
O01026,C0290,2025-07-06,22,Mumbai,P02,Home,CMP06,Win Back Campaign,SMS,1,2133.29,0.1,1919.96,0,0,2025-07,1919.96
O01027,C0599,2025-07-29,48,Chennai,P05,Grocery,CMP01,Summer Sale,Email,5,788.78,0.0,3943.9,1,0,2025-07,3943.9
O01028,C0025,2025-01-22,22,Bengaluru,P06,Sports,CMP01,Summer Sale,Email,5,1317.3,0.0,6586.5,1,0,2025-01,6586.5
O01029,C0447,2025-12-22,22,Bengaluru,P05,Grocery,CMP05,Weekend Flash Sale,Email,1,750.2,0.0,750.2,0,0,2025-12,750.2
O01030,C0455,2025-08-25,33,Patna,P02,Home,CMP01,Summer Sale,Email,1,1783.07,0.0,1783.07,1,0,2025-08,1783.07
O01031,C0348,2025-06-25,36,Bengaluru,P01,Electronics,CMP05,Weekend Flash Sale,Email,3,4875.14,0.15,12431.61,0,0,2025-06,12431.61
O01032,C0271,2025-12-17,20,Delhi,P01,Electronics,CMP05,Weekend Flash Sale,Email,2,4437.29,0.15,7543.39,1,0,2025-12,7543.39
O01033,C0648,2025-02-19,42,Pune,P02,Home,CMP05,Weekend Flash Sale,Email,7,1669.43,0.0,11686.01,1,0,2025-02,11686.01
O01034,C0354,2025-04-21,29,Chennai,P01,Electronics,CMP05,Weekend Flash Sale,Email,2,5160.16,0.15,8772.27,1,0,2025-04,8772.27
O01035,C0633,2025-10-28,47,Bengaluru,P06,Sports,CMP05,Weekend Flash Sale,Email,2,1633.46,0.0,3266.92,1,1,2025-10,3266.92
O01036,C0394,2025-07-17,49,Pune,P04,Beauty,CMP04,New Customer Offer,Social Media,3,905.8,0.1,2445.66,0,0,2025-07,2445.66
O01037,C0282,2025-06-17,27,Mumbai,P03,Fashion,CMP03,Loyalty Rewards,App,1,1105.4,0.0,1105.4,0,0,2025-06,1105.4
O01038,C0331,2025-10-07,23,Delhi,P04,Beauty,CMP02,Festival Offer,SMS,3,742.64,0.1,2005.13,0,0,2025-10,2005.13
O01039,C0500,2025-10-07,32,Bengaluru,P01,Electronics,CMP01,Summer Sale,Email,6,4697.16,0.0,28182.96,0,0,2025-10,28182.96
O01040,C0390,2025-05-25,25,Hyderabad,P06,Sports,CMP04,New Customer Offer,Social Media,3,1673.95,0.1,4519.67,1,1,2025-05,4519.67
O01041,C0032,2025-10-23,32,Chennai,P04,Beauty,CMP01,Summer Sale,Email,1,742.01,0.15,630.71,0,0,2025-10,630.71
O01042,C0624,2025-11-12,22,Hyderabad,P03,Fashion,CMP01,Summer Sale,Email,1,959.54,0.05,911.56,0,0,2025-11,911.56
O01043,C0601,2025-01-15,24,Pune,P06,Sports,CMP02,Festival Offer,SMS,2,1707.94,0.05,3245.09,0,0,2025-01,3245.09
O01044,C0373,2025-06-08,45,Hyderabad,P01,Electronics,CMP05,Weekend Flash Sale,Email,1,4764.54,0.1,4288.09,0,0,2025-06,4288.09
O01045,C0289,2025-02-12,24,Patna,P01,Electronics,CMP06,Win Back Campaign,SMS,1,3641.19,0.1,3277.07,0,0,2025-02,3277.07
O01046,C0529,2025-06-20,36,Hyderabad,P03,Fashion,CMP03,Loyalty Rewards,App,5,940.44,0.15,3996.87,1,1,2025-06,3996.87
O01047,C0002,2025-12-10,33,Delhi,P01,Electronics,CMP01,Summer Sale,Email,1,4893.94,0.15,4159.85,0,0,2025-12,4159.85
O01048,C0203,2025-02-26,32,Delhi,P02,Home,CMP02,Festival Offer,SMS,2,1497.05,0.0,2994.1,0,0,2025-02,2994.1
O01049,C0366,2025-04-15,37,Bengaluru,P04,Beauty,CMP06,Win Back Campaign,SMS,1,971.77,0.0,971.77,0,0,2025-04,971.77
O01050,C0122,2025-11-14,22,Bengaluru,P01,Electronics,CMP03,Loyalty Rewards,App,2,5249.08,0.15,8923.44,0,0,2025-11,8923.44
O01051,C0399,2025-07-25,49,Bengaluru,P03,Fashion,CMP04,New Customer Offer,Social Media,5,1245.31,0.1,5603.9,0,0,2025-07,5603.9
O01052,C0570,2025-03-18,28,Pune,P01,Electronics,CMP06,Win Back Campaign,SMS,8,3898.62,0.0,31188.96,0,0,2025-03,31188.96
O01053,C0497,2025-05-18,39,Kolkata,P06,Sports,CMP01,Summer Sale,Email,4,1347.78,0.15,4582.45,0,0,2025-05,4582.45
O01054,C0617,2025-08-16,23,Bengaluru,P04,Beauty,CMP06,Win Back Campaign,SMS,3,1034.25,0.0,3102.75,1,0,2025-08,3102.75
O01055,C0319,2025-05-21,30,Kolkata,P05,Grocery,CMP02,Festival Offer,SMS,1,759.41,0.05,721.44,1,1,2025-05,721.44
O01056,C0369,2025-09-22,56,Bengaluru,P06,Sports,CMP04,New Customer Offer,Social Media,2,1440.6,0.15,2449.02,1,1,2025-09,2449.02
O01057,C0360,2025-02-23,23,Chennai,P05,Grocery,CMP01,Summer Sale,Email,6,798.87,0.2,3834.58,0,0,2025-02,3834.58
O01058,C0014,2025-08-27,32,Bengaluru,P06,Sports,CMP02,Festival Offer,SMS,4,1268.3,0.1,4565.88,0,0,2025-08,4565.88
O01059,C0615,2025-06-19,29,Kolkata,P01,Electronics,CMP01,Summer Sale,Email,2,5088.79,0.05,9668.7,1,0,2025-06,9668.7
O01060,C0468,2025-12-05,23,Pune,P06,Sports,CMP01,Summer Sale,Email,4,1880.4,0.15,6393.36,0,0,2025-12,6393.36
O01061,C0234,2025-06-23,43,Bengaluru,P05,Grocery,CMP04,New Customer Offer,Social Media,1,529.02,0.0,529.02,0,0,2025-06,529.02
O01062,C0066,2025-08-29,41,Chennai,P04,Beauty,CMP04,New Customer Offer,Social Media,2,1002.06,0.15,1703.5,0,0,2025-08,1703.5
O01063,C0315,2025-12-20,40,Mumbai,P06,Sports,CMP05,Weekend Flash Sale,Email,5,1459.71,0.1,6568.7,0,0,2025-12,6568.7
O01064,C0468,2025-02-12,37,Delhi,P02,Home,CMP05,Weekend Flash Sale,Email,1,1708.4,0.15,1452.14,0,0,2025-02,1452.14
O01065,C0204,2025-09-07,29,Pune,P04,Beauty,CMP01,Summer Sale,Email,1,1104.18,0.1,993.76,0,0,2025-09,993.76
O01066,C0244,2025-08-31,26,Kolkata,P01,Electronics,CMP06,Win Back Campaign,SMS,4,4207.4,0.0,16829.6,0,0,2025-08,16829.6
O01067,C0623,2025-08-03,43,Delhi,P01,Electronics,CMP04,New Customer Offer,Social Media,6,3186.97,0.0,19121.82,0,0,2025-08,19121.82
O01068,C0615,2025-06-15,41,Mumbai,P02,Home,CMP01,Summer Sale,Email,3,1864.08,0.15,4753.4,0,0,2025-06,4753.4
O01069,C0461,2025-10-29,33,Pune,P05,Grocery,CMP01,Summer Sale,Email,1,562.48,0.1,506.23,1,1,2025-10,506.23
O01070,C0263,2025-04-10,23,Pune,P03,Fashion,CMP01,Summer Sale,Email,3,1130.5,0.1,3052.35,1,1,2025-04,3052.35
O01071,C0293,2025-01-14,52,Delhi,P06,Sports,CMP06,Win Back Campaign,SMS,1,1942.17,0.05,1845.06,0,0,2025-01,1845.06
O01072,C0427,2025-12-19,27,Hyderabad,P05,Grocery,CMP05,Weekend Flash Sale,Email,2,503.66,0.0,1007.32,0,0,2025-12,1007.32
O01073,C0392,2025-01-03,47,Hyderabad,P02,Home,CMP01,Summer Sale,Email,5,2030.11,0.0,10150.55,0,0,2025-01,10150.55
O01074,C0157,2025-11-18,34,Mumbai,P01,Electronics,CMP06,Win Back Campaign,SMS,1,4437.72,0.0,4437.72,1,1,2025-11,4437.72
O01075,C0216,2025-07-07,54,Bengaluru,P05,Grocery,CMP03,Loyalty Rewards,App,1,496.27,0.1,446.64,0,0,2025-07,446.64
O01076,C0100,2025-06-21,46,Mumbai,P02,Home,CMP04,New Customer Offer,Social Media,5,2219.75,0.2,8879.0,1,0,2025-06,8879.0
O01077,C0336,2025-04-09,42,Pune,P04,Beauty,CMP04,New Customer Offer,Social Media,3,928.04,0.1,2505.71,0,0,2025-04,2505.71
O01078,C0022,2025-02-04,43,Bengaluru,P05,Grocery,CMP02,Festival Offer,SMS,1,678.84,0.15,577.01,0,0,2025-02,577.01
O01079,C0439,2025-06-16,40,Pune,P01,Electronics,CMP06,Win Back Campaign,SMS,1,3201.52,0.0,3201.52,0,0,2025-06,3201.52
O01080,C0101,2025-06-20,51,Kolkata,P04,Beauty,CMP04,New Customer Offer,Social Media,2,924.92,0.0,1849.84,0,0,2025-06,1849.84
O01081,C0565,2025-09-11,37,Pune,P01,Electronics,CMP02,Festival Offer,SMS,5,4675.33,0.0,23376.65,0,0,2025-09,23376.65
O01082,C0559,2025-11-24,41,Bengaluru,P02,Home,CMP01,Summer Sale,Email,3,1363.57,0.05,3886.17,1,1,2025-11,3886.17
O01083,C0266,2025-08-16,52,Mumbai,P02,Home,CMP04,New Customer Offer,Social Media,5,1547.06,0.05,7348.53,0,0,2025-08,7348.53
O01084,C0472,2025-11-15,37,Delhi,P06,Sports,CMP01,Summer Sale,Email,1,1518.37,0.1,1366.53,0,0,2025-11,1366.53
O01085,C0525,2025-07-23,56,Delhi,P05,Grocery,CMP03,Loyalty Rewards,App,3,553.71,0.2,1328.9,0,0,2025-07,1328.9
O01086,C0154,2025-08-28,40,Kolkata,P06,Sports,CMP05,Weekend Flash Sale,Email,1,1394.1,0.0,1394.1,1,1,2025-08,1394.1
O01087,C0634,2025-05-07,37,Chennai,P01,Electronics,CMP01,Summer Sale,Email,4,3193.85,0.2,10220.32,0,0,2025-05,10220.32
O01088,C0483,2025-03-05,52,Pune,P02,Home,CMP01,Summer Sale,Email,2,1823.45,0.15,3099.86,0,0,2025-03,3099.86
O01089,C0538,2025-06-15,26,Delhi,P04,Beauty,CMP02,Festival Offer,SMS,3,1085.84,0.1,2931.77,1,0,2025-06,2931.77
O01090,C0172,2025-04-18,57,Kolkata,P01,Electronics,CMP05,Weekend Flash Sale,Email,3,4557.12,0.1,12304.22,0,0,2025-04,12304.22
O01091,C0050,2025-03-10,55,Hyderabad,P05,Grocery,CMP01,Summer Sale,Email,1,536.87,0.1,483.18,0,0,2025-03,483.18
O01092,C0620,2025-12-05,58,Patna,P06,Sports,CMP04,New Customer Offer,Social Media,11,1634.01,0.1,16176.7,0,0,2025-12,16176.7
O01093,C0544,2025-11-22,39,Bengaluru,P05,Grocery,CMP04,New Customer Offer,Social Media,4,782.08,0.1,2815.49,0,0,2025-11,2815.49
O01094,C0474,2025-04-11,44,Pune,P06,Sports,CMP04,New Customer Offer,Social Media,3,1979.49,0.0,5938.47,0,0,2025-04,5938.47
O01095,C0182,2025-08-30,30,Mumbai,P01,Electronics,CMP06,Win Back Campaign,SMS,4,3545.02,0.0,14180.08,0,0,2025-08,14180.08
O01096,C0137,2025-02-13,59,Pune,P06,Sports,CMP03,Loyalty Rewards,App,2,1263.68,0.1,2274.62,1,0,2025-02,2274.62
O01097,C0450,2025-02-09,46,Bengaluru,P06,Sports,CMP02,Festival Offer,SMS,3,1714.9,0.15,4373.0,0,0,2025-02,4373.0
O01098,C0258,2025-07-28,52,Hyderabad,P04,Beauty,CMP05,Weekend Flash Sale,Email,2,837.74,0.0,1675.48,0,0,2025-07,1675.48
O01099,C0643,2025-07-26,24,Bengaluru,P01,Electronics,CMP02,Festival Offer,SMS,3,4498.41,0.0,13495.23,1,0,2025-07,13495.23
O01100,C0028,2025-06-23,41,Delhi,P01,Electronics,CMP01,Summer Sale,Email,4,4134.74,0.1,14885.06,0,0,2025-06,14885.06
O01101,C0372,2025-07-16,52,Bengaluru,P01,Electronics,CMP04,New Customer Offer,Social Media,1,3281.22,0.0,3281.22,0,0,2025-07,3281.22
O01102,C0302,2025-12-19,38,Pune,P05,Grocery,CMP02,Festival Offer,SMS,5,634.95,0.1,2857.28,1,1,2025-12,2857.28
O01103,C0087,2025-05-29,50,Pune,P06,Sports,CMP04,New Customer Offer,Social Media,3,1477.6,0.0,4432.8,0,0,2025-05,4432.8
O01104,C0522,2025-12-29,32,Delhi,P05,Grocery,CMP04,New Customer Offer,Social Media,4,585.5,0.0,2342.0,0,0,2025-12,2342.0
O01105,C0077,2025-03-14,49,Mumbai,P06,Sports,CMP03,Loyalty Rewards,App,7,1864.93,0.05,12401.78,0,0,2025-03,12401.78
O01106,C0196,2025-04-22,56,Pune,P05,Grocery,CMP03,Loyalty Rewards,App,2,561.74,0.15,954.96,0,0,2025-04,954.96
O01107,C0610,2025-03-23,49,Delhi,P02,Home,CMP01,Summer Sale,Email,4,2227.57,0.0,8910.28,1,0,2025-03,8910.28
O01108,C0540,2025-06-17,53,Hyderabad,P01,Electronics,CMP01,Summer Sale,Email,2,4435.84,0.15,7540.93,1,0,2025-06,7540.93
O01109,C0311,2025-06-10,46,Patna,P02,Home,CMP02,Festival Offer,SMS,7,1790.21,0.1,11278.32,1,1,2025-06,11278.32
O01110,C0062,2025-10-31,23,Chennai,P05,Grocery,CMP05,Weekend Flash Sale,Email,1,557.5,0.1,501.75,1,0,2025-10,501.75
O01111,C0269,2025-10-18,54,Patna,P03,Fashion,CMP01,Summer Sale,Email,3,995.25,0.1,2687.18,0,0,2025-10,2687.18
O01112,C0599,2025-08-31,59,Patna,P02,Home,CMP02,Festival Offer,SMS,1,2224.47,0.05,2113.25,1,1,2025-08,2113.25
O01113,C0121,2025-06-25,35,Hyderabad,P04,Beauty,CMP02,Festival Offer,SMS,2,733.71,0.1,1320.68,0,0,2025-06,1320.68
O01114,C0582,2025-05-26,27,Kolkata,P05,Grocery,CMP05,Weekend Flash Sale,Email,3,803.82,0.15,2049.74,0,0,2025-05,2049.74
O01115,C0523,2025-11-11,24,Pune,P03,Fashion,CMP04,New Customer Offer,Social Media,5,1219.84,0.05,5794.24,1,0,2025-11,5794.24
O01116,C0375,2025-10-21,45,Mumbai,P02,Home,CMP02,Festival Offer,SMS,1,2065.56,0.15,1755.73,1,0,2025-10,1755.73
O01117,C0126,2025-10-24,22,Bengaluru,P03,Fashion,CMP06,Win Back Campaign,SMS,1,922.57,0.0,922.57,1,0,2025-10,922.57
O01118,C0206,2025-12-19,44,Mumbai,P01,Electronics,CMP05,Weekend Flash Sale,Email,6,3821.91,0.2,18345.17,0,0,2025-12,18345.17
O01119,C0426,2025-09-06,44,Hyderabad,P06,Sports,CMP05,Weekend Flash Sale,Email,1,1250.86,0.0,1250.86,0,0,2025-09,1250.86
O01120,C0572,2025-09-05,32,Pune,P02,Home,CMP04,New Customer Offer,Social Media,3,1591.58,0.1,4297.27,0,0,2025-09,4297.27
O01121,C0358,2025-05-22,41,Chennai,P01,Electronics,CMP06,Win Back Campaign,SMS,2,3874.61,0.0,7749.22,1,1,2025-05,7749.22
O01122,C0196,2025-07-05,38,Pune,P06,Sports,CMP05,Weekend Flash Sale,Email,2,1284.0,0.0,2568.0,0,0,2025-07,2568.0
O01123,C0554,2025-05-29,40,Delhi,P06,Sports,CMP03,Loyalty Rewards,App,4,1249.66,0.0,4998.64,1,0,2025-05,4998.64
O01124,C0043,2025-09-10,27,Hyderabad,P02,Home,CMP05,Weekend Flash Sale,Email,1,2233.96,0.0,2233.96,0,0,2025-09,2233.96
O01125,C0165,2025-05-29,51,Hyderabad,P02,Home,CMP02,Festival Offer,SMS,3,2208.83,0.1,5963.84,1,0,2025-05,5963.84
O01126,C0236,2025-11-01,33,Kolkata,P04,Beauty,CMP06,Win Back Campaign,SMS,1,977.62,0.1,879.86,1,1,2025-11,879.86
O01127,C0512,2025-06-17,44,Chennai,P06,Sports,CMP03,Loyalty Rewards,App,7,1344.65,0.05,8941.92,0,0,2025-06,8941.92
O01128,C0441,2025-07-14,36,Delhi,P03,Fashion,CMP03,Loyalty Rewards,App,6,914.58,0.0,5487.48,1,1,2025-07,5487.48
O01129,C0331,2025-05-16,54,Hyderabad,P02,Home,CMP04,New Customer Offer,Social Media,5,1748.01,0.15,7429.04,0,0,2025-05,7429.04
O01130,C0295,2025-02-05,40,Kolkata,P05,Grocery,CMP05,Weekend Flash Sale,Email,1,634.11,0.1,570.7,0,0,2025-02,570.7
O01131,C0450,2025-03-09,48,Kolkata,P01,Electronics,CMP03,Loyalty Rewards,App,2,4915.04,0.05,9338.58,1,0,2025-03,9338.58
O01132,C0126,2025-09-25,34,Delhi,P04,Beauty,CMP02,Festival Offer,SMS,2,980.13,0.2,1568.21,1,1,2025-09,1568.21
O01133,C0251,2025-02-26,55,Hyderabad,P03,Fashion,CMP03,Loyalty Rewards,App,3,1262.29,0.1,3408.18,0,0,2025-02,3408.18
O01134,C0172,2025-06-07,56,Delhi,P02,Home,CMP03,Loyalty Rewards,App,2,1652.49,0.15,2809.23,0,0,2025-06,2809.23
O01135,C0356,2025-05-25,21,Hyderabad,P01,Electronics,CMP02,Festival Offer,SMS,1,3691.56,0.0,3691.56,0,0,2025-05,3691.56
O01136,C0606,2025-11-24,44,Pune,P05,Grocery,CMP03,Loyalty Rewards,App,1,541.04,0.1,486.94,1,1,2025-11,486.94
O01137,C0308,2025-07-18,41,Delhi,P04,Beauty,CMP06,Win Back Campaign,SMS,2,729.57,0.1,1313.23,0,0,2025-07,1313.23
O01138,C0522,2025-03-10,44,Pune,P04,Beauty,CMP05,Weekend Flash Sale,Email,4,1181.56,0.2,3780.99,0,0,2025-03,3780.99
O01139,C0243,2025-04-08,26,Patna,P04,Beauty,CMP04,New Customer Offer,Social Media,3,916.95,0.15,2338.22,0,0,2025-04,2338.22
O01140,C0146,2025-05-12,42,Chennai,P04,Beauty,CMP04,New Customer Offer,Social Media,1,937.09,0.1,843.38,1,1,2025-05,843.38
O01141,C0443,2025-02-24,26,Bengaluru,P06,Sports,CMP06,Win Back Campaign,SMS,3,1957.25,0.15,4990.99,0,0,2025-02,4990.99
O01142,C0488,2025-08-23,57,Kolkata,P06,Sports,CMP03,Loyalty Rewards,App,3,1830.54,0.15,4667.88,0,0,2025-08,4667.88
O01143,C0202,2025-03-31,53,Mumbai,P06,Sports,CMP04,New Customer Offer,Social Media,2,1347.25,0.1,2425.05,1,0,2025-03,2425.05
O01144,C0560,2025-05-22,47,Pune,P01,Electronics,CMP04,New Customer Offer,Social Media,4,3781.79,0.05,14370.8,0,0,2025-05,14370.8
O01145,C0254,2025-12-04,45,Mumbai,P06,Sports,CMP02,Festival Offer,SMS,6,1206.12,0.2,5789.38,0,0,2025-12,5789.38
O01146,C0601,2025-01-30,59,Delhi,P03,Fashion,CMP06,Win Back Campaign,SMS,1,905.91,0.05,860.61,0,0,2025-01,860.61
O01147,C0293,2025-03-24,46,Hyderabad,P05,Grocery,CMP06,Win Back Campaign,SMS,1,504.06,0.0,504.06,0,0,2025-03,504.06
O01148,C0001,2025-06-14,35,Mumbai,P02,Home,CMP02,Festival Offer,SMS,5,1378.38,0.0,6891.9,0,0,2025-06,6891.9
O01149,C0145,2025-09-17,20,Chennai,P03,Fashion,CMP05,Weekend Flash Sale,Email,1,913.77,0.05,868.08,0,0,2025-09,868.08
O01150,C0553,2025-03-24,38,Delhi,P02,Home,CMP03,Loyalty Rewards,App,6,2158.66,0.1,11656.76,1,1,2025-03,11656.76
O01151,C0364,2025-01-08,26,Hyderabad,P01,Electronics,CMP01,Summer Sale,Email,1,4570.73,0.05,4342.19,0,0,2025-01,4342.19
O01152,C0424,2025-09-27,33,Pune,P04,Beauty,CMP01,Summer Sale,Email,6,1061.27,0.15,5412.48,1,1,2025-09,5412.48
O01153,C0047,2025-08-08,20,Chennai,P03,Fashion,CMP03,Loyalty Rewards,App,5,1036.4,0.15,4404.7,1,0,2025-08,4404.7
O01154,C0182,2025-01-25,30,Mumbai,P03,Fashion,CMP05,Weekend Flash Sale,Email,1,1295.51,0.05,1230.73,1,0,2025-01,1230.73
O01155,C0160,2025-08-29,36,Mumbai,P02,Home,CMP06,Win Back Campaign,SMS,4,1869.65,0.1,6730.74,0,0,2025-08,6730.74
O01156,C0055,2025-11-03,50,Chennai,P01,Electronics,CMP01,Summer Sale,Email,3,4808.46,0.1,12982.84,0,0,2025-11,12982.84
O01157,C0280,2025-10-28,41,Chennai,P02,Home,CMP02,Festival Offer,SMS,5,1370.07,0.1,6165.32,1,0,2025-10,6165.32
O01158,C0593,2025-06-14,40,Pune,P06,Sports,CMP02,Festival Offer,SMS,1,1953.67,0.15,1660.62,0,0,2025-06,1660.62
O01159,C0312,2025-12-03,42,Delhi,P02,Home,CMP06,Win Back Campaign,SMS,2,1706.26,0.2,2730.02,1,1,2025-12,2730.02
O01160,C0371,2025-01-05,22,Pune,P05,Grocery,CMP06,Win Back Campaign,SMS,4,803.29,0.05,3052.5,0,0,2025-01,3052.5
O01161,C0087,2025-02-14,45,Chennai,P02,Home,CMP05,Weekend Flash Sale,Email,2,1637.54,0.1,2947.57,1,1,2025-02,2947.57
O01162,C0585,2025-01-17,34,Patna,P03,Fashion,CMP03,Loyalty Rewards,App,3,1106.03,0.0,3318.09,1,1,2025-01,3318.09
O01163,C0461,2025-04-12,43,Chennai,P03,Fashion,CMP04,New Customer Offer,Social Media,3,1010.56,0.0,3031.68,0,0,2025-04,3031.68
O01164,C0146,2025-04-28,52,Hyderabad,P02,Home,CMP01,Summer Sale,Email,1,2144.41,0.1,1929.97,0,0,2025-04,1929.97
O01165,C0570,2025-08-16,47,Kolkata,P04,Beauty,CMP05,Weekend Flash Sale,Email,4,987.8,0.15,3358.52,0,0,2025-08,3358.52
O01166,C0099,2025-05-15,60,Kolkata,P05,Grocery,CMP01,Summer Sale,Email,2,645.07,0.1,1161.13,1,1,2025-05,1161.13
O01167,C0129,2025-08-29,37,Patna,P04,Beauty,CMP01,Summer Sale,Email,2,913.63,0.0,1827.26,0,0,2025-08,1827.26
O01168,C0459,2025-01-24,55,Hyderabad,P06,Sports,CMP06,Win Back Campaign,SMS,2,1955.61,0.15,3324.54,0,0,2025-01,3324.54
O01169,C0409,2025-10-29,30,Pune,P01,Electronics,CMP03,Loyalty Rewards,App,2,4608.57,0.1,8295.43,0,0,2025-10,8295.43
O01170,C0649,2025-03-08,24,Hyderabad,P03,Fashion,CMP05,Weekend Flash Sale,Email,1,1111.53,0.0,1111.53,0,0,2025-03,1111.53
O01171,C0123,2025-10-19,41,Pune,P03,Fashion,CMP04,New Customer Offer,Social Media,2,978.44,0.1,1761.19,0,0,2025-10,1761.19
O01172,C0538,2025-06-09,57,Patna,P05,Grocery,CMP04,New Customer Offer,Social Media,1,717.97,0.1,646.17,0,0,2025-06,646.17
O01173,C0489,2025-06-08,58,Delhi,P06,Sports,CMP05,Weekend Flash Sale,Email,4,1700.99,0.1,6123.56,0,0,2025-06,6123.56
O01174,C0172,2025-06-25,47,Patna,P04,Beauty,CMP01,Summer Sale,Email,2,721.42,0.05,1370.7,1,1,2025-06,1370.7
O01175,C0130,2025-04-24,44,Hyderabad,P01,Electronics,CMP04,New Customer Offer,Social Media,2,3417.6,0.15,5809.92,0,0,2025-04,5809.92
O01176,C0226,2025-02-08,22,Pune,P03,Fashion,CMP02,Festival Offer,SMS,3,982.54,0.1,2652.86,0,0,2025-02,2652.86
O01177,C0494,2025-07-21,46,Delhi,P06,Sports,CMP04,New Customer Offer,Social Media,1,1571.82,0.05,1493.23,0,0,2025-07,1493.23
O01178,C0263,2025-12-19,46,Pune,P03,Fashion,CMP03,Loyalty Rewards,App,6,1479.83,0.05,8435.03,0,0,2025-12,8435.03
O01179,C0520,2025-06-12,25,Bengaluru,P05,Grocery,CMP01,Summer Sale,Email,3,651.76,0.2,1564.22,0,0,2025-06,1564.22
O01180,C0138,2025-11-16,26,Bengaluru,P06,Sports,CMP06,Win Back Campaign,SMS,1,1232.17,0.0,1232.17,0,0,2025-11,1232.17
O01181,C0094,2025-05-23,27,Kolkata,P05,Grocery,CMP03,Loyalty Rewards,App,3,545.49,0.05,1554.65,0,0,2025-05,1554.65
O01182,C0024,2025-07-25,45,Patna,P03,Fashion,CMP04,New Customer Offer,Social Media,1,952.43,0.1,857.19,0,0,2025-07,857.19
O01183,C0155,2025-08-29,60,Chennai,P06,Sports,CMP05,Weekend Flash Sale,Email,1,1630.23,0.05,1548.72,0,0,2025-08,1548.72
O01184,C0290,2025-12-20,34,Delhi,P05,Grocery,CMP05,Weekend Flash Sale,Email,4,548.77,0.05,2085.33,0,0,2025-12,2085.33
O01185,C0358,2025-04-09,59,Patna,P03,Fashion,CMP04,New Customer Offer,Social Media,4,1278.58,0.05,4858.6,1,1,2025-04,4858.6
O01186,C0304,2025-06-04,25,Delhi,P06,Sports,CMP04,New Customer Offer,Social Media,2,1531.41,0.0,3062.82,0,0,2025-06,3062.82
O01187,C0622,2025-06-03,53,Chennai,P05,Grocery,CMP05,Weekend Flash Sale,Email,1,644.85,0.05,612.61,1,0,2025-06,612.61
O01188,C0045,2025-11-03,41,Kolkata,P06,Sports,CMP02,Festival Offer,SMS,4,1836.72,0.1,6612.19,0,0,2025-11,6612.19
O01189,C0083,2025-03-15,47,Patna,P06,Sports,CMP05,Weekend Flash Sale,Email,1,1636.54,0.2,1309.23,0,0,2025-03,1309.23
O01190,C0547,2025-11-15,34,Pune,P05,Grocery,CMP05,Weekend Flash Sale,Email,4,718.04,0.2,2297.73,0,0,2025-11,2297.73
O01191,C0588,2025-11-21,33,Kolkata,P05,Grocery,CMP02,Festival Offer,SMS,2,705.67,0.1,1270.21,0,0,2025-11,1270.21
O01192,C0209,2025-01-12,35,Patna,P04,Beauty,CMP06,Win Back Campaign,SMS,1,953.05,0.05,905.4,0,0,2025-01,905.4
O01193,C0421,2025-01-02,40,Patna,P02,Home,CMP05,Weekend Flash Sale,Email,3,1415.6,0.1,3822.12,1,1,2025-01,3822.12
O01194,C0536,2025-01-02,24,Bengaluru,P03,Fashion,CMP04,New Customer Offer,Social Media,3,1134.28,0.15,2892.41,0,0,2025-01,2892.41
O01195,C0572,2025-10-16,29,Kolkata,P04,Beauty,CMP01,Summer Sale,Email,4,731.98,0.05,2781.52,0,0,2025-10,2781.52
O01196,C0233,2025-09-13,31,Patna,P05,Grocery,CMP05,Weekend Flash Sale,Email,11,674.17,0.05,7045.08,1,0,2025-09,7045.08
O01197,C0402,2025-05-21,55,Pune,P03,Fashion,CMP06,Win Back Campaign,SMS,3,1274.25,0.1,3440.48,0,0,2025-05,3440.48
O01198,C0335,2025-09-13,53,Kolkata,P03,Fashion,CMP05,Weekend Flash Sale,Email,4,1370.22,0.0,5480.88,0,0,2025-09,5480.88
O01199,C0619,2025-06-28,36,Delhi,P02,Home,CMP04,New Customer Offer,Social Media,3,2052.63,0.0,6157.89,0,0,2025-06,6157.89
O01200,C0603,2025-12-23,21,Chennai,P04,Beauty,CMP01,Summer Sale,Email,1,828.08,0.05,786.68,0,0,2025-12,786.68
O01201,C0128,2025-04-04,21,Delhi,P02,Home,CMP02,Festival Offer,SMS,1,2006.88,0.1,1806.19,0,0,2025-04,1806.19
O01202,C0137,2025-03-27,37,Pune,P06,Sports,CMP02,Festival Offer,SMS,3,1943.98,0.0,5831.94,0,0,2025-03,5831.94
O01203,C0377,2025-07-03,42,Pune,P01,Electronics,CMP03,Loyalty Rewards,App,1,4446.73,0.15,3779.72,1,1,2025-07,3779.72
O01204,C0503,2025-02-27,56,Kolkata,P06,Sports,CMP05,Weekend Flash Sale,Email,1,1508.45,0.0,1508.45,0,0,2025-02,1508.45
O01205,C0363,2025-07-08,26,Hyderabad,P01,Electronics,CMP04,New Customer Offer,Social Media,2,3378.81,0.15,5743.98,1,0,2025-07,5743.98
O01206,C0490,2025-04-23,32,Patna,P01,Electronics,CMP05,Weekend Flash Sale,Email,4,3992.38,0.05,15171.04,1,1,2025-04,15171.04
O01207,C0643,2025-01-16,44,Mumbai,P04,Beauty,CMP05,Weekend Flash Sale,Email,2,946.14,0.15,1608.44,0,0,2025-01,1608.44
O01208,C0609,2025-03-17,35,Bengaluru,P02,Home,CMP02,Festival Offer,SMS,6,1998.53,0.05,11391.62,0,0,2025-03,11391.62
O01209,C0058,2025-01-29,48,Chennai,P05,Grocery,CMP03,Loyalty Rewards,App,5,787.88,0.05,3742.43,0,0,2025-01,3742.43
O01210,C0117,2025-02-07,45,Pune,P04,Beauty,CMP05,Weekend Flash Sale,Email,2,1005.24,0.2,1608.38,0,0,2025-02,1608.38
O01211,C0457,2025-10-24,28,Mumbai,P03,Fashion,CMP05,Weekend Flash Sale,Email,2,1085.36,0.0,2170.72,0,0,2025-10,2170.72
O01212,C0588,2025-07-19,45,Mumbai,P02,Home,CMP02,Festival Offer,SMS,1,2077.2,0.05,1973.34,0,0,2025-07,1973.34
O01213,C0540,2025-05-30,50,Pune,P02,Home,CMP04,New Customer Offer,Social Media,3,1479.91,0.0,4439.73,0,0,2025-05,4439.73
O01214,C0260,2025-04-23,57,Mumbai,P02,Home,CMP02,Festival Offer,SMS,1,1471.51,0.0,1471.51,0,0,2025-04,1471.51
O01215,C0464,2025-01-31,58,Patna,P03,Fashion,CMP01,Summer Sale,Email,4,1007.5,0.1,3627.0,0,0,2025-01,3627.0
O01216,C0482,2025-10-31,51,Patna,P06,Sports,CMP02,Festival Offer,SMS,1,1642.66,0.1,1478.39,0,0,2025-10,1478.39
O01217,C0434,2025-05-05,39,Hyderabad,P05,Grocery,CMP03,Loyalty Rewards,App,3,758.46,0.05,2161.61,0,0,2025-05,2161.61
O01218,C0570,2025-11-07,23,Hyderabad,P05,Grocery,CMP05,Weekend Flash Sale,Email,2,624.88,0.1,1124.78,0,0,2025-11,1124.78
O01219,C0281,2025-05-20,30,Hyderabad,P03,Fashion,CMP06,Win Back Campaign,SMS,4,1307.93,0.1,4708.55,0,0,2025-05,4708.55
O01220,C0153,2025-04-11,45,Delhi,P06,Sports,CMP05,Weekend Flash Sale,Email,3,1323.5,0.0,3970.5,0,0,2025-04,3970.5
O01221,C0157,2025-06-25,56,Chennai,P02,Home,CMP03,Loyalty Rewards,App,4,1473.47,0.15,5009.8,0,0,2025-06,5009.8
O01222,C0295,2025-03-24,53,Hyderabad,P03,Fashion,CMP04,New Customer Offer,Social Media,3,1175.59,0.05,3350.43,1,1,2025-03,3350.43
O01223,C0028,2025-01-03,53,Chennai,P06,Sports,CMP06,Win Back Campaign,SMS,4,1941.79,0.05,7378.8,0,0,2025-01,7378.8
O01224,C0410,2025-08-09,41,Delhi,P05,Grocery,CMP03,Loyalty Rewards,App,2,753.79,0.15,1281.44,0,0,2025-08,1281.44
O01225,C0484,2025-10-26,54,Pune,P04,Beauty,CMP06,Win Back Campaign,SMS,6,1161.42,0.1,6271.67,0,0,2025-10,6271.67
O01226,C0165,2025-06-28,33,Delhi,P02,Home,CMP04,New Customer Offer,Social Media,1,1780.02,0.1,1602.02,0,0,2025-06,1602.02
O01227,C0081,2025-09-10,43,Delhi,P04,Beauty,CMP04,New Customer Offer,Social Media,4,1006.49,0.1,3623.36,1,1,2025-09,3623.36
O01228,C0548,2025-08-09,58,Patna,P02,Home,CMP01,Summer Sale,Email,5,2039.62,0.1,9178.29,1,0,2025-08,9178.29
O01229,C0212,2025-05-20,58,Chennai,P02,Home,CMP01,Summer Sale,Email,1,2100.29,0.2,1680.23,0,0,2025-05,1680.23
O01230,C0442,2025-04-05,34,Chennai,P01,Electronics,CMP05,Weekend Flash Sale,Email,9,4874.75,0.1,39485.48,0,0,2025-04,39485.48
O01231,C0201,2025-12-12,41,Mumbai,P03,Fashion,CMP02,Festival Offer,SMS,1,911.85,0.1,820.67,1,1,2025-12,820.67
O01232,C0345,2025-11-03,44,Kolkata,P01,Electronics,CMP06,Win Back Campaign,SMS,2,4904.83,0.1,8828.69,0,0,2025-11,8828.69
O01233,C0260,2025-11-15,51,Delhi,P01,Electronics,CMP05,Weekend Flash Sale,Email,1,4404.91,0.1,3964.42,1,0,2025-11,3964.42
O01234,C0432,2025-01-26,30,Chennai,P01,Electronics,CMP02,Festival Offer,SMS,1,4597.21,0.15,3907.63,0,0,2025-01,3907.63
O01235,C0058,2025-07-19,33,Chennai,P04,Beauty,CMP05,Weekend Flash Sale,Email,1,1157.74,0.1,1041.97,1,0,2025-07,1041.97
O01236,C0128,2025-12-25,32,Delhi,P06,Sports,CMP03,Loyalty Rewards,App,5,1782.97,0.0,8914.85,1,1,2025-12,8914.85
O01237,C0117,2025-11-08,35,Kolkata,P05,Grocery,CMP05,Weekend Flash Sale,Email,3,584.71,0.1,1578.72,0,0,2025-11,1578.72
O01238,C0202,2025-08-26,41,Kolkata,P01,Electronics,CMP06,Win Back Campaign,SMS,1,3609.96,0.15,3068.47,0,0,2025-08,3068.47
O01239,C0203,2025-05-01,37,Delhi,P04,Beauty,CMP02,Festival Offer,SMS,1,1142.52,0.15,971.14,0,0,2025-05,971.14
O01240,C0459,2025-05-15,39,Hyderabad,P02,Home,CMP01,Summer Sale,Email,1,1388.15,0.0,1388.15,0,0,2025-05,1388.15
O01241,C0455,2025-06-10,35,Delhi,P06,Sports,CMP05,Weekend Flash Sale,Email,5,1434.95,0.05,6816.01,1,0,2025-06,6816.01
O01242,C0582,2025-08-22,58,Delhi,P02,Home,CMP01,Summer Sale,Email,3,1746.34,0.15,4453.17,1,0,2025-08,4453.17
O01243,C0104,2025-12-19,36,Kolkata,P03,Fashion,CMP06,Win Back Campaign,SMS,1,1214.72,0.0,1214.72,0,0,2025-12,1214.72
O01244,C0406,2025-06-07,31,Bengaluru,P06,Sports,CMP01,Summer Sale,Email,1,1684.85,0.05,1600.61,0,0,2025-06,1600.61
O01245,C0373,2025-12-23,58,Mumbai,P03,Fashion,CMP05,Weekend Flash Sale,Email,3,1109.33,0.0,3327.99,0,0,2025-12,3327.99
O01246,C0031,2025-06-24,52,Chennai,P04,Beauty,CMP02,Festival Offer,SMS,2,718.71,0.05,1365.55,0,0,2025-06,1365.55
O01247,C0283,2025-02-24,41,Hyderabad,P03,Fashion,CMP01,Summer Sale,Email,1,1064.12,0.05,1010.91,0,0,2025-02,1010.91
O01248,C0477,2025-12-27,53,Kolkata,P03,Fashion,CMP04,New Customer Offer,Social Media,8,1314.42,0.2,8412.29,0,0,2025-12,8412.29
O01249,C0007,2025-12-24,55,Hyderabad,P04,Beauty,CMP03,Loyalty Rewards,App,10,1177.85,0.0,11778.5,0,0,2025-12,11778.5
O01250,C0133,2025-09-29,42,Bengaluru,P02,Home,CMP05,Weekend Flash Sale,Email,3,1918.61,0.15,4892.46,0,0,2025-09,4892.46
O01251,C0370,2025-03-04,33,Kolkata,P05,Grocery,CMP05,Weekend Flash Sale,Email,3,524.67,0.05,1495.31,0,0,2025-03,1495.31
O01252,C0247,2025-10-10,23,Chennai,P01,Electronics,CMP04,New Customer Offer,Social Media,4,4495.06,0.1,16182.22,0,0,2025-10,16182.22
O01253,C0094,2025-06-07,51,Mumbai,P04,Beauty,CMP05,Weekend Flash Sale,Email,1,868.91,0.0,868.91,0,0,2025-06,868.91
O01254,C0013,2025-12-20,51,Mumbai,P03,Fashion,CMP02,Festival Offer,SMS,2,1417.8,0.0,2835.6,0,0,2025-12,2835.6
O01255,C0454,2025-03-02,50,Kolkata,P04,Beauty,CMP06,Win Back Campaign,SMS,1,835.68,0.05,793.9,0,0,2025-03,793.9
O01256,C0191,2025-11-09,28,Delhi,P06,Sports,CMP01,Summer Sale,Email,7,1930.37,0.05,12836.96,1,0,2025-11,12836.96
O01257,C0481,2025-06-27,24,Patna,P05,Grocery,CMP01,Summer Sale,Email,5,567.94,0.05,2697.72,0,0,2025-06,2697.72
O01258,C0180,2025-05-20,26,Mumbai,P01,Electronics,CMP01,Summer Sale,Email,10,4763.81,0.15,40492.38,0,0,2025-05,40492.38
O01259,C0276,2025-04-07,29,Bengaluru,P04,Beauty,CMP02,Festival Offer,SMS,3,1145.51,0.0,3436.53,1,1,2025-04,3436.53
O01260,C0432,2025-05-29,24,Mumbai,P01,Electronics,CMP06,Win Back Campaign,SMS,1,4419.7,0.05,4198.71,0,0,2025-05,4198.71
O01261,C0067,2025-05-09,31,Bengaluru,P02,Home,CMP02,Festival Offer,SMS,2,1408.51,0.0,2817.02,0,0,2025-05,2817.02
O01262,C0031,2025-10-27,41,Hyderabad,P06,Sports,CMP04,New Customer Offer,Social Media,2,1975.78,0.0,3951.56,0,0,2025-10,3951.56
O01263,C0421,2025-07-24,21,Mumbai,P03,Fashion,CMP04,New Customer Offer,Social Media,5,1000.52,0.05,4752.47,0,0,2025-07,4752.47
O01264,C0521,2025-01-19,31,Kolkata,P05,Grocery,CMP02,Festival Offer,SMS,6,498.94,0.0,2993.64,1,1,2025-01,2993.64
O01265,C0457,2025-08-16,33,Patna,P05,Grocery,CMP03,Loyalty Rewards,App,1,527.12,0.1,474.41,0,0,2025-08,474.41
O01266,C0372,2025-01-03,30,Bengaluru,P01,Electronics,CMP06,Win Back Campaign,SMS,6,4127.6,0.0,24765.6,0,0,2025-01,24765.6
O01267,C0303,2025-08-30,49,Bengaluru,P05,Grocery,CMP03,Loyalty Rewards,App,2,566.15,0.1,1019.07,1,0,2025-08,1019.07
O01268,C0166,2025-04-28,27,Delhi,P03,Fashion,CMP03,Loyalty Rewards,App,3,1005.06,0.05,2864.42,0,0,2025-04,2864.42
O01269,C0437,2025-01-31,38,Bengaluru,P02,Home,CMP05,Weekend Flash Sale,Email,1,1964.18,0.0,1964.18,1,1,2025-01,1964.18
O01270,C0498,2025-11-08,49,Kolkata,P04,Beauty,CMP05,Weekend Flash Sale,Email,1,1114.51,0.1,1003.06,0,0,2025-11,1003.06
O01271,C0556,2025-02-01,49,Patna,P02,Home,CMP01,Summer Sale,Email,2,1625.94,0.0,3251.88,0,0,2025-02,3251.88
O01272,C0249,2025-04-05,34,Chennai,P04,Beauty,CMP05,Weekend Flash Sale,Email,3,921.48,0.0,2764.44,0,0,2025-04,2764.44
O01273,C0595,2025-05-30,47,Pune,P06,Sports,CMP02,Festival Offer,SMS,4,1248.29,0.2,3994.53,0,0,2025-05,3994.53
O01274,C0113,2025-01-26,46,Kolkata,P05,Grocery,CMP01,Summer Sale,Email,1,711.8,0.0,711.8,1,1,2025-01,711.8
O01275,C0287,2025-01-22,58,Delhi,P05,Grocery,CMP05,Weekend Flash Sale,Email,1,678.07,0.0,678.07,1,1,2025-01,678.07
O01276,C0240,2025-10-29,57,Kolkata,P03,Fashion,CMP01,Summer Sale,Email,5,957.63,0.0,4788.15,1,1,2025-10,4788.15
O01277,C0019,2025-09-26,34,Hyderabad,P03,Fashion,CMP06,Win Back Campaign,SMS,2,1455.41,0.1,2619.74,0,0,2025-09,2619.74
O01278,C0188,2025-12-06,37,Mumbai,P03,Fashion,CMP05,Weekend Flash Sale,Email,1,1214.89,0.0,1214.89,1,1,2025-12,1214.89
O01279,C0269,2025-05-13,51,Patna,P01,Electronics,CMP02,Festival Offer,SMS,5,5249.9,0.15,22312.08,1,0,2025-05,22312.08
O01280,C0413,2025-02-18,21,Mumbai,P02,Home,CMP04,New Customer Offer,Social Media,1,1819.58,0.0,1819.58,0,0,2025-02,1819.58
O01281,C0095,2025-05-31,31,Mumbai,P02,Home,CMP02,Festival Offer,SMS,5,1547.21,0.1,6962.45,1,1,2025-05,6962.45
O01282,C0076,2025-04-12,28,Pune,P05,Grocery,CMP01,Summer Sale,Email,1,792.19,0.1,712.97,0,0,2025-04,712.97
O01283,C0149,2025-12-15,44,Patna,P03,Fashion,CMP01,Summer Sale,Email,5,1038.5,0.1,4673.25,0,0,2025-12,4673.25
O01284,C0183,2025-09-13,29,Hyderabad,P02,Home,CMP05,Weekend Flash Sale,Email,2,1655.15,0.1,2979.27,1,0,2025-09,2979.27
O01285,C0469,2025-06-04,22,Kolkata,P02,Home,CMP04,New Customer Offer,Social Media,6,1794.41,0.2,8613.17,0,0,2025-06,8613.17
O01286,C0042,2025-12-25,49,Mumbai,P04,Beauty,CMP02,Festival Offer,SMS,2,868.61,0.2,1389.78,0,0,2025-12,1389.78
O01287,C0176,2025-05-26,20,Hyderabad,P03,Fashion,CMP06,Win Back Campaign,SMS,2,1443.69,0.05,2743.01,0,0,2025-05,2743.01
O01288,C0646,2025-09-15,56,Hyderabad,P01,Electronics,CMP06,Win Back Campaign,SMS,2,4964.55,0.1,8936.19,0,0,2025-09,8936.19
O01289,C0581,2025-07-10,24,Patna,P01,Electronics,CMP05,Weekend Flash Sale,Email,2,5155.32,0.0,10310.64,0,0,2025-07,10310.64
O01290,C0151,2025-07-28,41,Bengaluru,P03,Fashion,CMP05,Weekend Flash Sale,Email,1,1067.1,0.0,1067.1,0,0,2025-07,1067.1
O01291,C0327,2025-06-04,39,Delhi,P02,Home,CMP02,Festival Offer,SMS,5,1525.94,0.05,7248.22,0,0,2025-06,7248.22
O01292,C0563,2025-06-04,28,Patna,P02,Home,CMP04,New Customer Offer,Social Media,1,1799.16,0.1,1619.24,0,0,2025-06,1619.24
O01293,C0239,2025-02-05,35,Hyderabad,P05,Grocery,CMP01,Summer Sale,Email,4,493.04,0.05,1873.55,0,0,2025-02,1873.55
O01294,C0429,2025-11-05,56,Bengaluru,P01,Electronics,CMP03,Loyalty Rewards,App,2,4537.78,0.1,8168.0,0,0,2025-11,8168.0
O01295,C0276,2025-01-12,44,Bengaluru,P05,Grocery,CMP06,Win Back Campaign,SMS,1,547.67,0.1,492.9,0,0,2025-01,492.9
O01296,C0054,2025-02-13,36,Mumbai,P04,Beauty,CMP03,Loyalty Rewards,App,4,826.44,0.1,2975.18,0,0,2025-02,2975.18
O01297,C0565,2025-12-04,53,Bengaluru,P05,Grocery,CMP03,Loyalty Rewards,App,2,698.96,0.1,1258.13,1,1,2025-12,1258.13
O01298,C0592,2025-04-11,31,Bengaluru,P06,Sports,CMP03,Loyalty Rewards,App,2,1526.67,0.15,2595.34,0,0,2025-04,2595.34
O01299,C0367,2025-10-29,59,Hyderabad,P05,Grocery,CMP04,New Customer Offer,Social Media,4,691.73,0.15,2351.88,0,0,2025-10,2351.88
O01300,C0625,2025-07-05,60,Pune,P01,Electronics,CMP02,Festival Offer,SMS,6,3322.85,0.15,16946.54,0,0,2025-07,16946.54
O01301,C0354,2025-05-08,30,Hyderabad,P04,Beauty,CMP02,Festival Offer,SMS,6,890.49,0.0,5342.94,1,1,2025-05,5342.94
O01302,C0418,2025-07-07,50,Delhi,P06,Sports,CMP04,New Customer Offer,Social Media,1,1896.08,0.15,1611.67,0,0,2025-07,1611.67
O01303,C0243,2025-10-07,39,Bengaluru,P05,Grocery,CMP05,Weekend Flash Sale,Email,2,783.86,0.0,1567.72,0,0,2025-10,1567.72
O01304,C0032,2025-08-14,59,Kolkata,P03,Fashion,CMP06,Win Back Campaign,SMS,5,986.9,0.1,4441.05,1,0,2025-08,4441.05
O01305,C0202,2025-02-20,52,Bengaluru,P04,Beauty,CMP03,Loyalty Rewards,App,5,918.44,0.0,4592.2,1,1,2025-02,4592.2
O01306,C0255,2025-01-30,32,Mumbai,P05,Grocery,CMP05,Weekend Flash Sale,Email,2,717.84,0.0,1435.68,0,0,2025-01,1435.68
O01307,C0427,2025-04-24,57,Mumbai,P05,Grocery,CMP03,Loyalty Rewards,App,2,602.97,0.0,1205.94,0,0,2025-04,1205.94
O01308,C0600,2025-08-06,60,Mumbai,P04,Beauty,CMP03,Loyalty Rewards,App,4,927.38,0.15,3153.09,0,0,2025-08,3153.09
O01309,C0315,2025-01-01,46,Delhi,P01,Electronics,CMP05,Weekend Flash Sale,Email,3,4607.54,0.1,12440.36,0,0,2025-01,12440.36
O01310,C0011,2025-11-16,35,Hyderabad,P04,Beauty,CMP05,Weekend Flash Sale,Email,4,1151.2,0.0,4604.8,0,0,2025-11,4604.8
O01311,C0603,2025-01-27,55,Pune,P03,Fashion,CMP03,Loyalty Rewards,App,1,1121.01,0.15,952.86,0,0,2025-01,952.86
O01312,C0585,2025-09-28,50,Delhi,P04,Beauty,CMP01,Summer Sale,Email,2,948.06,0.15,1611.7,1,1,2025-09,1611.7
O01313,C0595,2025-05-29,44,Hyderabad,P06,Sports,CMP05,Weekend Flash Sale,Email,5,1220.55,0.1,5492.48,0,0,2025-05,5492.48
O01314,C0178,2025-02-14,53,Mumbai,P06,Sports,CMP01,Summer Sale,Email,2,1570.16,0.05,2983.3,1,0,2025-02,2983.3
O01315,C0181,2025-08-16,44,Mumbai,P01,Electronics,CMP02,Festival Offer,SMS,3,4243.3,0.05,12093.4,0,0,2025-08,12093.4
O01316,C0044,2025-01-06,38,Hyderabad,P06,Sports,CMP01,Summer Sale,Email,5,1665.0,0.05,7908.75,0,0,2025-01,7908.75
O01317,C0475,2025-12-04,25,Patna,P03,Fashion,CMP01,Summer Sale,Email,1,1382.35,0.15,1175.0,0,0,2025-12,1175.0
O01318,C0240,2025-04-28,59,Hyderabad,P01,Electronics,CMP06,Win Back Campaign,SMS,2,3983.56,0.1,7170.41,0,0,2025-04,7170.41
O01319,C0205,2025-07-11,20,Pune,P02,Home,CMP04,New Customer Offer,Social Media,4,1684.62,0.1,6064.63,0,0,2025-07,6064.63
O01320,C0253,2025-03-31,39,Delhi,P06,Sports,CMP05,Weekend Flash Sale,Email,1,1528.44,0.0,1528.44,1,0,2025-03,1528.44
O01321,C0297,2025-09-08,38,Kolkata,P05,Grocery,CMP06,Win Back Campaign,SMS,4,750.19,0.0,3000.76,0,0,2025-09,3000.76
O01322,C0412,2025-07-11,33,Chennai,P01,Electronics,CMP02,Festival Offer,SMS,1,3165.98,0.15,2691.08,0,0,2025-07,2691.08
O01323,C0311,2025-11-04,35,Pune,P02,Home,CMP04,New Customer Offer,Social Media,1,2161.88,0.0,2161.88,0,0,2025-11,2161.88
O01324,C0440,2025-02-28,35,Kolkata,P06,Sports,CMP05,Weekend Flash Sale,Email,3,1734.93,0.0,5204.79,1,1,2025-02,5204.79
O01325,C0489,2025-07-01,57,Delhi,P01,Electronics,CMP05,Weekend Flash Sale,Email,3,3966.13,0.1,10708.55,0,0,2025-07,10708.55
O01326,C0240,2025-03-03,23,Delhi,P02,Home,CMP05,Weekend Flash Sale,Email,2,1928.53,0.15,3278.5,1,0,2025-03,3278.5
O01327,C0224,2025-12-04,23,Patna,P01,Electronics,CMP05,Weekend Flash Sale,Email,1,3254.28,0.1,2928.85,1,1,2025-12,2928.85
O01328,C0074,2025-03-10,25,Delhi,P06,Sports,CMP02,Festival Offer,SMS,7,1517.46,0.05,10091.11,1,1,2025-03,10091.11
O01329,C0126,2025-07-19,20,Mumbai,P02,Home,CMP03,Loyalty Rewards,App,2,1952.72,0.1,3514.9,0,0,2025-07,3514.9
O01330,C0239,2025-11-13,22,Chennai,P04,Beauty,CMP03,Loyalty Rewards,App,5,1045.1,0.05,4964.22,0,0,2025-11,4964.22
O01331,C0570,2025-08-07,45,Pune,P04,Beauty,CMP01,Summer Sale,Email,3,944.68,0.05,2692.34,0,0,2025-08,2692.34
O01332,C0483,2025-04-08,20,Patna,P06,Sports,CMP04,New Customer Offer,Social Media,5,1200.11,0.0,6000.55,1,0,2025-04,6000.55
O01333,C0574,2025-02-22,39,Pune,P04,Beauty,CMP01,Summer Sale,Email,1,1155.67,0.1,1040.1,1,1,2025-02,1040.1
O01334,C0499,2025-07-15,31,Bengaluru,P02,Home,CMP02,Festival Offer,SMS,4,1675.53,0.1,6031.91,0,0,2025-07,6031.91
O01335,C0209,2025-08-21,28,Mumbai,P04,Beauty,CMP06,Win Back Campaign,SMS,2,738.77,0.0,1477.54,0,0,2025-08,1477.54
O01336,C0427,2025-11-04,48,Delhi,P04,Beauty,CMP04,New Customer Offer,Social Media,3,789.76,0.0,2369.28,0,0,2025-11,2369.28
O01337,C0110,2025-12-07,26,Bengaluru,P06,Sports,CMP05,Weekend Flash Sale,Email,4,1714.9,0.1,6173.64,1,0,2025-12,6173.64
O01338,C0433,2025-09-08,45,Delhi,P06,Sports,CMP01,Summer Sale,Email,1,1708.79,0.0,1708.79,1,0,2025-09,1708.79
O01339,C0111,2025-11-08,34,Mumbai,P06,Sports,CMP04,New Customer Offer,Social Media,1,1667.62,0.2,1334.1,0,0,2025-11,1334.1
O01340,C0137,2025-06-27,60,Bengaluru,P02,Home,CMP04,New Customer Offer,Social Media,1,1833.0,0.0,1833.0,1,0,2025-06,1833.0
O01341,C0080,2025-11-28,29,Pune,P06,Sports,CMP04,New Customer Offer,Social Media,1,1334.06,0.1,1200.65,1,1,2025-11,1200.65
O01342,C0356,2025-11-10,44,Patna,P05,Grocery,CMP05,Weekend Flash Sale,Email,2,762.9,0.1,1373.22,0,0,2025-11,1373.22
O01343,C0512,2025-09-28,31,Delhi,P04,Beauty,CMP05,Weekend Flash Sale,Email,3,1048.33,0.0,3144.99,0,0,2025-09,3144.99
O01344,C0615,2025-06-18,56,Chennai,P01,Electronics,CMP03,Loyalty Rewards,App,1,4290.18,0.1,3861.16,1,0,2025-06,3861.16
O01345,C0144,2025-07-07,20,Bengaluru,P03,Fashion,CMP04,New Customer Offer,Social Media,4,920.28,0.15,3128.95,0,0,2025-07,3128.95
O01346,C0601,2025-07-22,25,Mumbai,P02,Home,CMP06,Win Back Campaign,SMS,14,1821.19,0.1,22946.99,0,0,2025-07,22946.99
O01347,C0079,2025-07-20,23,Patna,P02,Home,CMP01,Summer Sale,Email,1,1677.94,0.15,1426.25,1,1,2025-07,1426.25
O01348,C0599,2025-03-01,60,Bengaluru,P05,Grocery,CMP06,Win Back Campaign,SMS,1,808.48,0.1,727.63,0,0,2025-03,727.63
O01349,C0572,2025-09-04,31,Delhi,P04,Beauty,CMP04,New Customer Offer,Social Media,4,731.27,0.2,2340.06,0,0,2025-09,2340.06
O01350,C0302,2025-05-09,23,Patna,P05,Grocery,CMP04,New Customer Offer,Social Media,2,690.25,0.05,1311.48,0,0,2025-05,1311.48
O01351,C0393,2025-07-02,56,Patna,P04,Beauty,CMP03,Loyalty Rewards,App,2,1118.11,0.1,2012.6,0,0,2025-07,2012.6
O01352,C0616,2025-02-07,53,Chennai,P06,Sports,CMP05,Weekend Flash Sale,Email,4,1882.6,0.0,7530.4,0,0,2025-02,7530.4
O01353,C0125,2025-11-20,35,Chennai,P02,Home,CMP02,Festival Offer,SMS,7,1603.97,0.1,10105.01,0,0,2025-11,10105.01
O01354,C0542,2025-04-24,33,Pune,P06,Sports,CMP03,Loyalty Rewards,App,1,1653.94,0.15,1405.85,1,0,2025-04,1405.85
O01355,C0275,2025-11-15,59,Patna,P02,Home,CMP05,Weekend Flash Sale,Email,4,1816.06,0.05,6901.03,0,0,2025-11,6901.03
O01356,C0356,2025-08-15,53,Delhi,P05,Grocery,CMP03,Loyalty Rewards,App,5,575.83,0.1,2591.24,1,1,2025-08,2591.24
O01357,C0001,2025-02-17,44,Delhi,P03,Fashion,CMP02,Festival Offer,SMS,1,1430.67,0.2,1144.54,1,1,2025-02,1144.54
O01358,C0426,2025-11-23,24,Delhi,P03,Fashion,CMP02,Festival Offer,SMS,2,1075.65,0.05,2043.74,1,0,2025-11,2043.74
O01359,C0364,2025-08-24,20,Kolkata,P02,Home,CMP02,Festival Offer,SMS,1,1921.43,0.0,1921.43,0,0,2025-08,1921.43
O01360,C0621,2025-11-27,37,Hyderabad,P04,Beauty,CMP02,Festival Offer,SMS,2,1042.66,0.15,1772.52,0,0,2025-11,1772.52
O01361,C0367,2025-12-31,60,Bengaluru,P02,Home,CMP01,Summer Sale,Email,3,2047.07,0.05,5834.15,1,1,2025-12,5834.15
O01362,C0351,2025-12-27,46,Patna,P06,Sports,CMP05,Weekend Flash Sale,Email,4,1927.37,0.15,6553.06,0,0,2025-12,6553.06
O01363,C0451,2025-09-08,50,Patna,P01,Electronics,CMP01,Summer Sale,Email,1,5032.45,0.1,4529.2,0,0,2025-09,4529.2
O01364,C0396,2025-06-23,23,Bengaluru,P01,Electronics,CMP02,Festival Offer,SMS,3,4293.49,0.15,10948.4,0,0,2025-06,10948.4
O01365,C0609,2025-12-13,46,Patna,P01,Electronics,CMP02,Festival Offer,SMS,1,4158.53,0.0,4158.53,0,0,2025-12,4158.53
O01366,C0608,2025-07-30,32,Kolkata,P03,Fashion,CMP03,Loyalty Rewards,App,2,900.15,0.0,1800.3,0,0,2025-07,1800.3
O01367,C0196,2025-02-26,58,Chennai,P05,Grocery,CMP03,Loyalty Rewards,App,1,652.61,0.15,554.72,1,1,2025-02,554.72
O01368,C0464,2025-12-13,26,Kolkata,P04,Beauty,CMP01,Summer Sale,Email,6,790.48,0.15,4031.45,0,0,2025-12,4031.45
O01369,C0504,2025-11-21,28,Delhi,P02,Home,CMP03,Loyalty Rewards,App,4,2157.8,0.0,8631.2,0,0,2025-11,8631.2
O01370,C0178,2025-04-12,51,Bengaluru,P03,Fashion,CMP03,Loyalty Rewards,App,1,991.59,0.05,942.01,1,0,2025-04,942.01
O01371,C0351,2025-08-07,27,Hyderabad,P03,Fashion,CMP01,Summer Sale,Email,3,1081.57,0.0,3244.71,0,0,2025-08,3244.71
O01372,C0629,2025-01-16,32,Delhi,P05,Grocery,CMP04,New Customer Offer,Social Media,8,793.27,0.2,5076.93,0,0,2025-01,5076.93
O01373,C0521,2025-12-03,32,Delhi,P06,Sports,CMP01,Summer Sale,Email,1,1866.18,0.0,1866.18,0,0,2025-12,1866.18
O01374,C0096,2025-11-15,59,Bengaluru,P03,Fashion,CMP01,Summer Sale,Email,8,1358.12,0.0,10864.96,1,0,2025-11,10864.96
O01375,C0386,2025-03-06,38,Mumbai,P05,Grocery,CMP06,Win Back Campaign,SMS,7,536.17,0.0,3753.19,0,0,2025-03,3753.19
O01376,C0080,2025-03-24,25,Kolkata,P01,Electronics,CMP04,New Customer Offer,Social Media,1,5097.88,0.2,4078.3,0,0,2025-03,4078.3
O01377,C0516,2025-11-20,24,Bengaluru,P05,Grocery,CMP04,New Customer Offer,Social Media,1,530.2,0.1,477.18,0,0,2025-11,477.18
O01378,C0008,2025-11-02,38,Kolkata,P06,Sports,CMP02,Festival Offer,SMS,3,1874.44,0.0,5623.32,0,0,2025-11,5623.32
O01379,C0623,2025-01-02,35,Bengaluru,P03,Fashion,CMP03,Loyalty Rewards,App,3,1167.28,0.1,3151.66,0,0,2025-01,3151.66
O01380,C0050,2025-08-24,33,Hyderabad,P03,Fashion,CMP05,Weekend Flash Sale,Email,6,1471.92,0.05,8389.94,0,0,2025-08,8389.94
O01381,C0070,2025-10-13,45,Kolkata,P01,Electronics,CMP06,Win Back Campaign,SMS,5,4026.26,0.1,18118.17,0,0,2025-10,18118.17
O01382,C0369,2025-02-28,30,Kolkata,P05,Grocery,CMP03,Loyalty Rewards,App,1,514.62,0.0,514.62,0,0,2025-02,514.62
O01383,C0609,2025-02-16,22,Hyderabad,P03,Fashion,CMP03,Loyalty Rewards,App,2,1071.3,0.2,1714.08,0,0,2025-02,1714.08
O01384,C0527,2025-10-17,42,Delhi,P06,Sports,CMP03,Loyalty Rewards,App,6,1709.19,0.1,9229.63,1,1,2025-10,9229.63
O01385,C0502,2025-03-13,56,Mumbai,P01,Electronics,CMP06,Win Back Campaign,SMS,3,4823.18,0.05,13746.06,0,0,2025-03,13746.06
O01386,C0534,2025-12-19,29,Chennai,P04,Beauty,CMP05,Weekend Flash Sale,Email,1,765.94,0.0,765.94,0,0,2025-12,765.94
O01387,C0346,2025-08-16,41,Hyderabad,P01,Electronics,CMP06,Win Back Campaign,SMS,1,4493.46,0.0,4493.46,1,1,2025-08,4493.46
O01388,C0398,2025-05-09,57,Bengaluru,P03,Fashion,CMP03,Loyalty Rewards,App,2,1327.7,0.15,2257.09,0,0,2025-05,2257.09
O01389,C0051,2025-05-30,53,Pune,P05,Grocery,CMP02,Festival Offer,SMS,1,542.59,0.1,488.33,1,0,2025-05,488.33
O01390,C0101,2025-11-03,60,Patna,P01,Electronics,CMP04,New Customer Offer,Social Media,2,3589.58,0.1,6461.24,0,0,2025-11,6461.24
O01391,C0461,2025-04-21,46,Mumbai,P06,Sports,CMP04,New Customer Offer,Social Media,2,1720.6,0.15,2925.02,0,0,2025-04,2925.02
O01392,C0365,2025-10-22,37,Kolkata,P03,Fashion,CMP05,Weekend Flash Sale,Email,5,1342.91,0.15,5707.37,0,0,2025-10,5707.37
O01393,C0503,2025-10-25,34,Delhi,P01,Electronics,CMP02,Festival Offer,SMS,1,4173.72,0.0,4173.72,0,0,2025-10,4173.72
O01394,C0432,2025-05-03,21,Mumbai,P03,Fashion,CMP01,Summer Sale,Email,3,1421.83,0.0,4265.49,0,0,2025-05,4265.49
O01395,C0003,2025-08-22,55,Chennai,P06,Sports,CMP03,Loyalty Rewards,App,1,1856.26,0.1,1670.63,1,0,2025-08,1670.63
O01396,C0097,2025-12-08,40,Kolkata,P01,Electronics,CMP02,Festival Offer,SMS,6,4320.14,0.0,25920.84,0,0,2025-12,25920.84
O01397,C0177,2025-03-27,51,Pune,P06,Sports,CMP04,New Customer Offer,Social Media,3,1549.55,0.05,4416.22,0,0,2025-03,4416.22
O01398,C0554,2025-02-13,42,Delhi,P04,Beauty,CMP03,Loyalty Rewards,App,1,1083.05,0.1,974.74,0,0,2025-02,974.74
O01399,C0593,2025-12-02,37,Chennai,P04,Beauty,CMP06,Win Back Campaign,SMS,4,1044.27,0.15,3550.52,0,0,2025-12,3550.52
O01400,C0474,2025-05-23,33,Chennai,P05,Grocery,CMP06,Win Back Campaign,SMS,5,509.55,0.0,2547.75,1,1,2025-05,2547.75
O01401,C0644,2025-03-03,27,Chennai,P04,Beauty,CMP02,Festival Offer,SMS,2,1091.51,0.05,2073.87,1,1,2025-03,2073.87
O01402,C0113,2025-08-18,52,Bengaluru,P04,Beauty,CMP03,Loyalty Rewards,App,4,881.08,0.0,3524.32,0,0,2025-08,3524.32
O01403,C0473,2025-03-12,33,Pune,P06,Sports,CMP03,Loyalty Rewards,App,4,1429.31,0.15,4859.65,0,0,2025-03,4859.65
O01404,C0444,2025-04-07,48,Bengaluru,P06,Sports,CMP04,New Customer Offer,Social Media,1,1423.55,0.1,1281.2,0,0,2025-04,1281.2
O01405,C0282,2025-03-02,31,Patna,P06,Sports,CMP01,Summer Sale,Email,7,1829.4,0.15,10884.93,0,0,2025-03,10884.93
O01406,C0314,2025-01-24,54,Patna,P06,Sports,CMP04,New Customer Offer,Social Media,2,1654.67,0.0,3309.34,1,0,2025-01,3309.34
O01407,C0322,2025-11-01,44,Pune,P03,Fashion,CMP01,Summer Sale,Email,4,972.82,0.0,3891.28,0,0,2025-11,3891.28
O01408,C0592,2025-04-24,24,Hyderabad,P03,Fashion,CMP02,Festival Offer,SMS,1,1450.22,0.0,1450.22,1,1,2025-04,1450.22
O01409,C0119,2025-12-10,41,Bengaluru,P03,Fashion,CMP04,New Customer Offer,Social Media,1,1313.67,0.1,1182.3,0,0,2025-12,1182.3
O01410,C0024,2025-04-25,54,Bengaluru,P05,Grocery,CMP05,Weekend Flash Sale,Email,2,640.73,0.0,1281.46,1,1,2025-04,1281.46
O01411,C0039,2025-02-18,30,Patna,P01,Electronics,CMP04,New Customer Offer,Social Media,4,4417.77,0.0,17671.08,1,1,2025-02,17671.08
O01412,C0223,2025-04-07,38,Delhi,P01,Electronics,CMP02,Festival Offer,SMS,6,4630.21,0.1,25003.13,0,0,2025-04,25003.13
O01413,C0091,2025-07-21,26,Hyderabad,P03,Fashion,CMP03,Loyalty Rewards,App,3,1098.66,0.1,2966.38,0,0,2025-07,2966.38
O01414,C0559,2025-10-21,57,Pune,P01,Electronics,CMP01,Summer Sale,Email,1,4208.01,0.1,3787.21,0,0,2025-10,3787.21
O01415,C0073,2025-10-21,57,Patna,P04,Beauty,CMP01,Summer Sale,Email,2,983.9,0.05,1869.41,1,0,2025-10,1869.41
O01416,C0277,2025-01-20,58,Pune,P06,Sports,CMP06,Win Back Campaign,SMS,2,1603.66,0.0,3207.32,0,0,2025-01,3207.32
O01417,C0523,2025-11-17,30,Chennai,P03,Fashion,CMP03,Loyalty Rewards,App,1,1313.89,0.0,1313.89,0,0,2025-11,1313.89
O01418,C0304,2025-01-07,29,Chennai,P03,Fashion,CMP05,Weekend Flash Sale,Email,6,1191.44,0.1,6433.78,0,0,2025-01,6433.78
O01419,C0170,2025-09-24,57,Hyderabad,P04,Beauty,CMP04,New Customer Offer,Social Media,8,924.45,0.05,7025.82,1,0,2025-09,7025.82
O01420,C0250,2025-03-15,28,Delhi,P04,Beauty,CMP02,Festival Offer,SMS,2,1135.85,0.05,2158.11,0,0,2025-03,2158.11
O01421,C0178,2025-06-24,21,Chennai,P02,Home,CMP04,New Customer Offer,Social Media,3,1409.93,0.1,3806.81,1,0,2025-06,3806.81
O01422,C0306,2025-02-10,49,Chennai,P06,Sports,CMP04,New Customer Offer,Social Media,1,1384.51,0.0,1384.51,0,0,2025-02,1384.51
O01423,C0244,2025-09-21,57,Pune,P02,Home,CMP01,Summer Sale,Email,1,1917.96,0.0,1917.96,1,0,2025-09,1917.96
O01424,C0608,2025-02-10,47,Bengaluru,P01,Electronics,CMP05,Weekend Flash Sale,Email,3,3722.2,0.1,10049.94,1,0,2025-02,10049.94
O01425,C0074,2025-06-05,44,Hyderabad,P04,Beauty,CMP06,Win Back Campaign,SMS,3,984.86,0.05,2806.85,0,0,2025-06,2806.85
O01426,C0125,2025-12-20,52,Delhi,P01,Electronics,CMP01,Summer Sale,Email,2,3350.55,0.15,5695.94,0,0,2025-12,5695.94
O01427,C0233,2025-04-24,29,Pune,P03,Fashion,CMP01,Summer Sale,Email,1,1130.35,0.05,1073.83,0,0,2025-04,1073.83
O01428,C0189,2025-08-19,39,Pune,P04,Beauty,CMP03,Loyalty Rewards,App,4,970.12,0.0,3880.48,1,1,2025-08,3880.48
O01429,C0162,2025-05-09,30,Pune,P06,Sports,CMP05,Weekend Flash Sale,Email,4,1465.24,0.0,5860.96,0,0,2025-05,5860.96
O01430,C0124,2025-09-10,34,Kolkata,P04,Beauty,CMP01,Summer Sale,Email,8,1039.33,0.1,7483.18,0,0,2025-09,7483.18
O01431,C0526,2025-10-07,40,Hyderabad,P01,Electronics,CMP06,Win Back Campaign,SMS,3,4104.06,0.15,10465.35,1,1,2025-10,10465.35
O01432,C0541,2025-08-12,40,Bengaluru,P01,Electronics,CMP06,Win Back Campaign,SMS,3,3320.24,0.0,9960.72,0,0,2025-08,9960.72
O01433,C0154,2025-06-26,23,Pune,P04,Beauty,CMP04,New Customer Offer,Social Media,9,947.41,0.0,8526.69,0,0,2025-06,8526.69
O01434,C0137,2025-07-20,30,Hyderabad,P04,Beauty,CMP02,Festival Offer,SMS,2,1145.49,0.0,2290.98,0,0,2025-07,2290.98
O01435,C0566,2025-05-29,36,Patna,P01,Electronics,CMP06,Win Back Campaign,SMS,3,3950.06,0.05,11257.67,1,1,2025-05,11257.67
O01436,C0124,2025-08-29,48,Patna,P06,Sports,CMP05,Weekend Flash Sale,Email,1,1379.96,0.0,1379.96,0,0,2025-08,1379.96
O01437,C0288,2025-12-13,35,Pune,P03,Fashion,CMP01,Summer Sale,Email,2,1093.91,0.0,2187.82,0,0,2025-12,2187.82
O01438,C0620,2025-11-19,47,Delhi,P02,Home,CMP04,New Customer Offer,Social Media,2,1730.11,0.0,3460.22,1,1,2025-11,3460.22
O01439,C0135,2025-08-21,44,Pune,P02,Home,CMP06,Win Back Campaign,SMS,3,1970.65,0.1,5320.76,0,0,2025-08,5320.76
O01440,C0026,2025-03-13,52,Delhi,P01,Electronics,CMP02,Festival Offer,SMS,2,5105.19,0.1,9189.34,0,0,2025-03,9189.34
O01441,C0145,2025-05-04,42,Hyderabad,P06,Sports,CMP02,Festival Offer,SMS,1,1506.44,0.0,1506.44,0,0,2025-05,1506.44
O01442,C0244,2025-11-26,45,Kolkata,P01,Electronics,CMP02,Festival Offer,SMS,1,3914.24,0.1,3522.82,1,1,2025-11,3522.82
O01443,C0605,2025-02-15,45,Chennai,P05,Grocery,CMP01,Summer Sale,Email,1,740.81,0.15,629.69,0,0,2025-02,629.69
O01444,C0145,2025-03-02,60,Pune,P05,Grocery,CMP05,Weekend Flash Sale,Email,3,628.34,0.05,1790.77,1,1,2025-03,1790.77
O01445,C0369,2025-04-08,55,Mumbai,P05,Grocery,CMP02,Festival Offer,SMS,4,789.87,0.05,3001.51,0,0,2025-04,3001.51
O01446,C0266,2025-08-17,55,Patna,P03,Fashion,CMP02,Festival Offer,SMS,3,1260.92,0.15,3215.35,0,0,2025-08,3215.35
O01447,C0346,2025-07-17,48,Patna,P02,Home,CMP01,Summer Sale,Email,2,1488.97,0.05,2829.04,0,0,2025-07,2829.04
O01448,C0363,2025-07-08,50,Chennai,P02,Home,CMP03,Loyalty Rewards,App,4,1936.17,0.1,6970.21,0,0,2025-07,6970.21
O01449,C0126,2025-07-23,39,Pune,P01,Electronics,CMP03,Loyalty Rewards,App,2,4855.58,0.05,9225.6,0,0,2025-07,9225.6
O01450,C0087,2025-06-17,28,Hyderabad,P05,Grocery,CMP03,Loyalty Rewards,App,7,551.3,0.1,3473.19,0,0,2025-06,3473.19
O01451,C0586,2025-05-08,33,Pune,P04,Beauty,CMP06,Win Back Campaign,SMS,3,1006.05,0.1,2716.33,0,0,2025-05,2716.33
O01452,C0258,2025-09-03,50,Kolkata,P01,Electronics,CMP06,Win Back Campaign,SMS,3,4333.83,0.15,11051.27,1,1,2025-09,11051.27
O01453,C0003,2025-01-15,39,Patna,P01,Electronics,CMP03,Loyalty Rewards,App,5,4200.07,0.05,19950.33,0,0,2025-01,19950.33
O01454,C0110,2025-10-28,39,Bengaluru,P02,Home,CMP04,New Customer Offer,Social Media,1,2106.08,0.05,2000.78,0,0,2025-10,2000.78
O01455,C0613,2025-05-08,32,Mumbai,P06,Sports,CMP04,New Customer Offer,Social Media,1,1262.59,0.15,1073.2,1,1,2025-05,1073.2
O01456,C0209,2025-06-24,30,Bengaluru,P02,Home,CMP01,Summer Sale,Email,4,2009.98,0.1,7235.93,0,0,2025-06,7235.93
O01457,C0551,2025-07-15,20,Delhi,P06,Sports,CMP05,Weekend Flash Sale,Email,3,1982.82,0.05,5651.04,0,0,2025-07,5651.04
O01458,C0276,2025-02-01,53,Delhi,P02,Home,CMP06,Win Back Campaign,SMS,1,2028.63,0.1,1825.77,0,0,2025-02,1825.77
O01459,C0162,2025-02-16,23,Bengaluru,P04,Beauty,CMP01,Summer Sale,Email,1,820.21,0.0,820.21,0,0,2025-02,820.21
O01460,C0421,2025-02-06,23,Pune,P01,Electronics,CMP02,Festival Offer,SMS,6,5040.83,0.1,27220.48,1,0,2025-02,27220.48
O01461,C0144,2025-11-26,47,Bengaluru,P02,Home,CMP02,Festival Offer,SMS,6,2240.71,0.05,12772.05,1,1,2025-11,12772.05
O01462,C0368,2025-01-27,53,Pune,P06,Sports,CMP04,New Customer Offer,Social Media,4,1388.76,0.15,4721.78,0,0,2025-01,4721.78
O01463,C0443,2025-05-02,47,Hyderabad,P01,Electronics,CMP02,Festival Offer,SMS,2,4148.38,0.0,8296.76,0,0,2025-05,8296.76
O01464,C0467,2025-10-20,42,Hyderabad,P03,Fashion,CMP03,Loyalty Rewards,App,5,902.91,0.1,4063.1,0,0,2025-10,4063.1
O01465,C0047,2025-06-07,53,Chennai,P02,Home,CMP04,New Customer Offer,Social Media,1,1941.49,0.15,1650.27,0,0,2025-06,1650.27
O01466,C0015,2025-10-01,56,Pune,P03,Fashion,CMP05,Weekend Flash Sale,Email,2,1040.26,0.2,1664.42,0,0,2025-10,1664.42
O01467,C0272,2025-10-13,57,Hyderabad,P03,Fashion,CMP05,Weekend Flash Sale,Email,1,1052.02,0.05,999.42,0,0,2025-10,999.42
O01468,C0097,2025-08-13,23,Bengaluru,P03,Fashion,CMP05,Weekend Flash Sale,Email,1,1454.97,0.0,1454.97,0,0,2025-08,1454.97
O01469,C0065,2025-02-13,56,Bengaluru,P04,Beauty,CMP06,Win Back Campaign,SMS,1,1179.11,0.0,1179.11,0,0,2025-02,1179.11
O01470,C0226,2025-03-14,41,Hyderabad,P06,Sports,CMP05,Weekend Flash Sale,Email,5,1924.29,0.0,9621.45,0,0,2025-03,9621.45
O01471,C0174,2025-06-12,56,Chennai,P01,Electronics,CMP05,Weekend Flash Sale,Email,2,3617.12,0.1,6510.82,0,0,2025-06,6510.82
O01472,C0216,2025-07-31,41,Patna,P03,Fashion,CMP01,Summer Sale,Email,1,1414.0,0.2,1131.2,1,0,2025-07,1131.2
O01473,C0051,2025-06-15,47,Bengaluru,P01,Electronics,CMP02,Festival Offer,SMS,7,4821.7,0.1,30376.71,0,0,2025-06,30376.71
O01474,C0588,2025-01-04,24,Patna,P04,Beauty,CMP02,Festival Offer,SMS,1,1058.58,0.0,1058.58,0,0,2025-01,1058.58
O01475,C0248,2025-11-10,29,Bengaluru,P02,Home,CMP05,Weekend Flash Sale,Email,1,2163.9,0.0,2163.9,1,1,2025-11,2163.9
O01476,C0477,2025-02-15,31,Bengaluru,P06,Sports,CMP04,New Customer Offer,Social Media,3,1876.04,0.15,4783.9,1,1,2025-02,4783.9
O01477,C0278,2025-07-03,57,Mumbai,P01,Electronics,CMP03,Loyalty Rewards,App,6,4988.67,0.1,26938.82,0,0,2025-07,26938.82
O01478,C0320,2025-11-03,57,Chennai,P05,Grocery,CMP06,Win Back Campaign,SMS,1,523.29,0.1,470.96,0,0,2025-11,470.96
O01479,C0266,2025-09-08,39,Patna,P06,Sports,CMP01,Summer Sale,Email,3,1306.68,0.2,3136.03,1,1,2025-09,3136.03
O01480,C0242,2025-02-07,51,Kolkata,P05,Grocery,CMP02,Festival Offer,SMS,3,722.76,0.0,2168.28,0,0,2025-02,2168.28
O01481,C0008,2025-11-30,21,Mumbai,P06,Sports,CMP02,Festival Offer,SMS,4,1391.12,0.0,5564.48,1,0,2025-11,5564.48
O01482,C0064,2025-03-01,28,Bengaluru,P06,Sports,CMP01,Summer Sale,Email,3,1921.14,0.1,5187.08,1,1,2025-03,5187.08
O01483,C0113,2025-09-30,40,Patna,P04,Beauty,CMP01,Summer Sale,Email,3,900.82,0.05,2567.34,0,0,2025-09,2567.34
O01484,C0516,2025-03-20,23,Patna,P03,Fashion,CMP05,Weekend Flash Sale,Email,4,1497.65,0.0,5990.6,0,0,2025-03,5990.6
O01485,C0346,2025-03-26,24,Hyderabad,P01,Electronics,CMP06,Win Back Campaign,SMS,5,5039.41,0.0,25197.05,0,0,2025-03,25197.05
O01486,C0300,2025-07-02,31,Bengaluru,P01,Electronics,CMP01,Summer Sale,Email,1,3491.99,0.1,3142.79,1,1,2025-07,3142.79
O01487,C0260,2025-03-05,22,Bengaluru,P01,Electronics,CMP02,Festival Offer,SMS,3,5224.63,0.05,14890.2,1,1,2025-03,14890.2
O01488,C0371,2025-08-05,27,Delhi,P01,Electronics,CMP02,Festival Offer,SMS,5,4967.38,0.0,24836.9,0,0,2025-08,24836.9
O01489,C0398,2025-05-24,51,Hyderabad,P03,Fashion,CMP01,Summer Sale,Email,2,980.52,0.05,1862.99,0,0,2025-05,1862.99
O01490,C0297,2025-05-01,33,Hyderabad,P05,Grocery,CMP04,New Customer Offer,Social Media,4,634.43,0.15,2157.06,0,0,2025-05,2157.06
O01491,C0530,2025-05-14,35,Hyderabad,P01,Electronics,CMP04,New Customer Offer,Social Media,4,4633.27,0.2,14826.46,1,0,2025-05,14826.46
O01492,C0605,2025-03-22,48,Pune,P03,Fashion,CMP06,Win Back Campaign,SMS,3,1128.3,0.1,3046.41,0,0,2025-03,3046.41
O01493,C0484,2025-10-05,38,Kolkata,P06,Sports,CMP05,Weekend Flash Sale,Email,1,1226.46,0.05,1165.14,0,0,2025-10,1165.14
O01494,C0582,2025-12-07,37,Chennai,P05,Grocery,CMP01,Summer Sale,Email,2,514.6,0.0,1029.2,1,0,2025-12,1029.2
O01495,C0255,2025-04-26,57,Chennai,P05,Grocery,CMP02,Festival Offer,SMS,10,809.13,0.15,6877.6,0,0,2025-04,6877.6
O01496,C0272,2025-03-09,54,Pune,P03,Fashion,CMP03,Loyalty Rewards,App,2,1285.75,0.05,2442.92,0,0,2025-03,2442.92
O01497,C0340,2025-09-07,58,Kolkata,P04,Beauty,CMP04,New Customer Offer,Social Media,4,904.9,0.05,3438.62,0,0,2025-09,3438.62
O01498,C0464,2025-02-28,28,Mumbai,P05,Grocery,CMP06,Win Back Campaign,SMS,1,809.13,0.15,687.76,0,0,2025-02,687.76
O01499,C0123,2025-08-20,54,Chennai,P05,Grocery,CMP01,Summer Sale,Email,1,515.46,0.1,463.91,0,0,2025-08,463.91
O01500,C0401,2025-01-17,38,Chennai,P05,Grocery,CMP05,Weekend Flash Sale,Email,10,713.66,0.1,6422.94,1,1,2025-01,6422.94
O01501,C0269,2025-04-26,38,Mumbai,P06,Sports,CMP02,Festival Offer,SMS,1,1599.39,0.15,1359.48,0,0,2025-04,1359.48
O01502,C0594,2025-10-17,37,Chennai,P06,Sports,CMP01,Summer Sale,Email,4,1552.99,0.1,5590.76,0,0,2025-10,5590.76
O01503,C0409,2025-05-08,34,Kolkata,P05,Grocery,CMP03,Loyalty Rewards,App,4,731.16,0.0,2924.64,0,0,2025-05,2924.64
O01504,C0598,2025-06-12,56,Delhi,P03,Fashion,CMP04,New Customer Offer,Social Media,1,909.12,0.1,818.21,1,0,2025-06,818.21
O01505,C0487,2025-04-06,26,Patna,P02,Home,CMP03,Loyalty Rewards,App,1,1458.18,0.05,1385.27,0,0,2025-04,1385.27
O01506,C0479,2025-09-28,32,Mumbai,P06,Sports,CMP04,New Customer Offer,Social Media,3,1890.67,0.1,5104.81,1,1,2025-09,5104.81
O01507,C0052,2025-10-29,44,Hyderabad,P05,Grocery,CMP04,New Customer Offer,Social Media,3,638.49,0.1,1723.92,0,0,2025-10,1723.92
O01508,C0267,2025-10-18,37,Chennai,P01,Electronics,CMP05,Weekend Flash Sale,Email,4,3807.74,0.2,12184.77,0,0,2025-10,12184.77
O01509,C0347,2025-12-05,27,Kolkata,P04,Beauty,CMP04,New Customer Offer,Social Media,5,1022.26,0.1,4600.17,0,0,2025-12,4600.17
O01510,C0025,2025-07-02,54,Pune,P01,Electronics,CMP03,Loyalty Rewards,App,1,3719.05,0.0,3719.05,1,1,2025-07,3719.05
O01511,C0253,2025-10-19,41,Kolkata,P05,Grocery,CMP01,Summer Sale,Email,1,777.31,0.0,777.31,0,0,2025-10,777.31
O01512,C0168,2025-10-10,44,Mumbai,P06,Sports,CMP02,Festival Offer,SMS,2,1582.13,0.0,3164.26,1,1,2025-10,3164.26
O01513,C0536,2025-03-22,29,Kolkata,P01,Electronics,CMP06,Win Back Campaign,SMS,2,3931.12,0.1,7076.02,0,0,2025-03,7076.02
O01514,C0161,2025-11-08,56,Delhi,P03,Fashion,CMP02,Festival Offer,SMS,1,1374.4,0.1,1236.96,0,0,2025-11,1236.96
O01515,C0423,2025-06-30,51,Mumbai,P06,Sports,CMP06,Win Back Campaign,SMS,4,1879.31,0.1,6765.52,1,1,2025-06,6765.52
O01516,C0463,2025-06-19,49,Hyderabad,P05,Grocery,CMP06,Win Back Campaign,SMS,1,555.05,0.2,444.04,1,0,2025-06,444.04
O01517,C0577,2025-02-12,57,Pune,P05,Grocery,CMP01,Summer Sale,Email,1,544.57,0.05,517.34,0,0,2025-02,517.34
O01518,C0028,2025-03-12,50,Hyderabad,P06,Sports,CMP05,Weekend Flash Sale,Email,7,1758.0,0.1,11075.4,1,0,2025-03,11075.4
O01519,C0639,2025-02-08,23,Patna,P02,Home,CMP05,Weekend Flash Sale,Email,7,1601.66,0.05,10651.04,0,0,2025-02,10651.04
O01520,C0033,2025-12-14,26,Delhi,P05,Grocery,CMP01,Summer Sale,Email,1,626.95,0.15,532.91,0,0,2025-12,532.91
O01521,C0285,2025-07-01,20,Hyderabad,P06,Sports,CMP01,Summer Sale,Email,1,1854.42,0.1,1668.98,1,0,2025-07,1668.98
O01522,C0591,2025-12-04,38,Patna,P06,Sports,CMP05,Weekend Flash Sale,Email,2,1504.49,0.05,2858.53,1,0,2025-12,2858.53
O01523,C0365,2025-04-11,54,Chennai,P04,Beauty,CMP04,New Customer Offer,Social Media,2,1091.77,0.1,1965.19,1,1,2025-04,1965.19
O01524,C0511,2025-12-05,56,Delhi,P03,Fashion,CMP06,Win Back Campaign,SMS,6,1231.09,0.05,7017.21,0,0,2025-12,7017.21
O01525,C0217,2025-08-29,26,Pune,P06,Sports,CMP05,Weekend Flash Sale,Email,2,1282.86,0.05,2437.43,0,0,2025-08,2437.43
O01526,C0024,2025-12-12,25,Kolkata,P05,Grocery,CMP05,Weekend Flash Sale,Email,3,609.85,0.2,1463.64,0,0,2025-12,1463.64
O01527,C0232,2025-09-22,27,Delhi,P03,Fashion,CMP02,Festival Offer,SMS,3,1150.47,0.0,3451.41,0,0,2025-09,3451.41
O01528,C0382,2025-04-26,26,Patna,P04,Beauty,CMP06,Win Back Campaign,SMS,5,852.94,0.0,4264.7,0,0,2025-04,4264.7
O01529,C0523,2025-02-05,52,Hyderabad,P02,Home,CMP06,Win Back Campaign,SMS,5,1679.39,0.15,7137.41,0,0,2025-02,7137.41
O01530,C0536,2025-09-19,54,Chennai,P02,Home,CMP01,Summer Sale,Email,4,1601.33,0.15,5444.52,0,0,2025-09,5444.52
O01531,C0365,2025-09-22,49,Mumbai,P04,Beauty,CMP03,Loyalty Rewards,App,6,1040.28,0.1,5617.51,0,0,2025-09,5617.51
O01532,C0304,2025-03-12,25,Patna,P01,Electronics,CMP01,Summer Sale,Email,9,5179.99,0.05,44288.91,0,0,2025-03,44288.91
O01533,C0649,2025-03-13,41,Chennai,P02,Home,CMP05,Weekend Flash Sale,Email,8,1558.22,0.0,12465.76,0,0,2025-03,12465.76
O01534,C0208,2025-10-04,52,Kolkata,P06,Sports,CMP05,Weekend Flash Sale,Email,1,1228.98,0.15,1044.63,1,1,2025-10,1044.63
O01535,C0196,2025-03-03,57,Pune,P03,Fashion,CMP02,Festival Offer,SMS,2,1203.28,0.0,2406.56,0,0,2025-03,2406.56
O01536,C0256,2025-09-24,59,Chennai,P02,Home,CMP04,New Customer Offer,Social Media,2,1843.29,0.2,2949.26,1,0,2025-09,2949.26
O01537,C0229,2025-02-10,34,Patna,P05,Grocery,CMP06,Win Back Campaign,SMS,5,778.8,0.1,3504.6,0,0,2025-02,3504.6
O01538,C0635,2025-10-18,47,Pune,P01,Electronics,CMP04,New Customer Offer,Social Media,2,3218.52,0.0,6437.04,1,0,2025-10,6437.04
O01539,C0381,2025-07-28,48,Delhi,P05,Grocery,CMP02,Festival Offer,SMS,1,644.81,0.05,612.57,1,0,2025-07,612.57
O01540,C0027,2025-11-05,53,Kolkata,P02,Home,CMP05,Weekend Flash Sale,Email,2,1988.32,0.0,3976.64,1,1,2025-11,3976.64
O01541,C0175,2025-09-12,32,Mumbai,P01,Electronics,CMP05,Weekend Flash Sale,Email,1,4340.79,0.1,3906.71,0,0,2025-09,3906.71
O01542,C0347,2025-05-06,53,Bengaluru,P01,Electronics,CMP04,New Customer Offer,Social Media,4,4153.72,0.1,14953.39,0,0,2025-05,14953.39
O01543,C0456,2025-01-10,48,Chennai,P06,Sports,CMP04,New Customer Offer,Social Media,1,1878.56,0.05,1784.63,1,0,2025-01,1784.63
O01544,C0195,2025-08-01,49,Mumbai,P03,Fashion,CMP01,Summer Sale,Email,2,1044.78,0.15,1776.13,1,1,2025-08,1776.13
O01545,C0088,2025-02-27,29,Hyderabad,P03,Fashion,CMP04,New Customer Offer,Social Media,4,1069.3,0.1,3849.48,0,0,2025-02,3849.48
O01546,C0446,2025-11-17,50,Patna,P03,Fashion,CMP06,Win Back Campaign,SMS,1,1233.53,0.0,1233.53,0,0,2025-11,1233.53
O01547,C0530,2025-07-28,56,Kolkata,P06,Sports,CMP04,New Customer Offer,Social Media,3,1255.8,0.0,3767.4,1,0,2025-07,3767.4
O01548,C0336,2025-08-03,38,Pune,P04,Beauty,CMP05,Weekend Flash Sale,Email,3,826.94,0.15,2108.7,1,0,2025-08,2108.7
O01549,C0106,2025-02-28,25,Bengaluru,P06,Sports,CMP01,Summer Sale,Email,3,1501.02,0.1,4052.75,0,0,2025-02,4052.75
O01550,C0091,2025-08-14,48,Hyderabad,P05,Grocery,CMP03,Loyalty Rewards,App,2,675.61,0.2,1080.98,1,1,2025-08,1080.98
O01551,C0112,2025-08-05,38,Mumbai,P04,Beauty,CMP05,Weekend Flash Sale,Email,1,1121.3,0.0,1121.3,0,0,2025-08,1121.3
O01552,C0390,2025-11-08,52,Pune,P03,Fashion,CMP05,Weekend Flash Sale,Email,6,1482.12,0.1,8003.45,1,1,2025-11,8003.45
O01553,C0395,2025-07-14,51,Chennai,P05,Grocery,CMP03,Loyalty Rewards,App,2,632.46,0.1,1138.43,1,0,2025-07,1138.43
O01554,C0176,2025-11-27,35,Hyderabad,P04,Beauty,CMP05,Weekend Flash Sale,Email,2,1089.2,0.05,2069.48,0,0,2025-11,2069.48
O01555,C0306,2025-10-19,34,Mumbai,P02,Home,CMP06,Win Back Campaign,SMS,1,2082.95,0.0,2082.95,0,0,2025-10,2082.95
O01556,C0119,2025-04-26,40,Delhi,P01,Electronics,CMP04,New Customer Offer,Social Media,2,5179.25,0.15,8804.72,0,0,2025-04,8804.72
O01557,C0201,2025-01-07,41,Patna,P03,Fashion,CMP04,New Customer Offer,Social Media,2,1070.7,0.0,2141.4,0,0,2025-01,2141.4
O01558,C0505,2025-02-22,37,Hyderabad,P04,Beauty,CMP03,Loyalty Rewards,App,3,1021.95,0.1,2759.27,0,0,2025-02,2759.27
O01559,C0486,2025-07-13,48,Chennai,P02,Home,CMP04,New Customer Offer,Social Media,1,1421.17,0.0,1421.17,0,0,2025-07,1421.17
O01560,C0617,2025-08-14,55,Patna,P06,Sports,CMP05,Weekend Flash Sale,Email,3,1922.72,0.15,4902.94,0,0,2025-08,4902.94
O01561,C0004,2025-11-20,59,Bengaluru,P05,Grocery,CMP06,Win Back Campaign,SMS,2,721.75,0.05,1371.32,1,1,2025-11,1371.32
O01562,C0388,2025-02-05,55,Patna,P03,Fashion,CMP05,Weekend Flash Sale,Email,4,1410.16,0.1,5076.58,0,0,2025-02,5076.58
O01563,C0421,2025-08-01,44,Pune,P04,Beauty,CMP04,New Customer Offer,Social Media,1,834.27,0.05,792.56,0,0,2025-08,792.56
O01564,C0050,2025-01-30,33,Bengaluru,P02,Home,CMP02,Festival Offer,SMS,2,1709.98,0.15,2906.97,0,0,2025-01,2906.97
O01565,C0587,2025-03-11,41,Patna,P01,Electronics,CMP02,Festival Offer,SMS,2,3613.2,0.15,6142.44,0,0,2025-03,6142.44
O01566,C0244,2025-06-29,45,Kolkata,P06,Sports,CMP06,Win Back Campaign,SMS,1,1232.18,0.1,1108.96,1,0,2025-06,1108.96
O01567,C0461,2025-12-28,30,Hyderabad,P03,Fashion,CMP06,Win Back Campaign,SMS,3,1025.64,0.1,2769.23,0,0,2025-12,2769.23
O01568,C0083,2025-11-20,20,Kolkata,P05,Grocery,CMP02,Festival Offer,SMS,1,747.14,0.1,672.43,0,0,2025-11,672.43
O01569,C0491,2025-07-24,45,Pune,P05,Grocery,CMP02,Festival Offer,SMS,3,774.94,0.15,1976.1,0,0,2025-07,1976.1
O01570,C0340,2025-11-14,38,Delhi,P03,Fashion,CMP05,Weekend Flash Sale,Email,4,1440.32,0.05,5473.22,0,0,2025-11,5473.22
O01571,C0641,2025-01-02,60,Patna,P03,Fashion,CMP02,Festival Offer,SMS,1,1356.3,0.1,1220.67,0,0,2025-01,1220.67
O01572,C0379,2025-05-25,40,Kolkata,P01,Electronics,CMP06,Win Back Campaign,SMS,4,5209.94,0.05,19797.77,1,1,2025-05,19797.77
O01573,C0364,2025-10-04,35,Bengaluru,P02,Home,CMP05,Weekend Flash Sale,Email,3,1865.07,0.1,5035.69,0,0,2025-10,5035.69
O01574,C0250,2025-12-24,24,Delhi,P04,Beauty,CMP06,Win Back Campaign,SMS,7,950.99,0.1,5991.24,1,0,2025-12,5991.24
O01575,C0453,2025-08-13,42,Mumbai,P06,Sports,CMP03,Loyalty Rewards,App,1,1647.18,0.1,1482.46,0,0,2025-08,1482.46
O01576,C0522,2025-11-16,34,Hyderabad,P01,Electronics,CMP05,Weekend Flash Sale,Email,4,3154.38,0.1,11355.77,1,0,2025-11,11355.77
O01577,C0203,2025-06-16,58,Chennai,P03,Fashion,CMP05,Weekend Flash Sale,Email,3,915.25,0.0,2745.75,0,0,2025-06,2745.75
O01578,C0384,2025-01-10,38,Chennai,P01,Electronics,CMP04,New Customer Offer,Social Media,3,4488.35,0.1,12118.55,1,0,2025-01,12118.55
O01579,C0112,2025-01-23,23,Chennai,P03,Fashion,CMP05,Weekend Flash Sale,Email,2,1250.41,0.05,2375.78,0,0,2025-01,2375.78
O01580,C0387,2025-09-24,58,Chennai,P01,Electronics,CMP04,New Customer Offer,Social Media,4,4715.44,0.15,16032.5,0,0,2025-09,16032.5
O01581,C0016,2025-07-26,28,Bengaluru,P04,Beauty,CMP05,Weekend Flash Sale,Email,1,991.56,0.0,991.56,0,0,2025-07,991.56
O01582,C0502,2025-09-23,29,Pune,P01,Electronics,CMP04,New Customer Offer,Social Media,6,3192.67,0.1,17240.42,0,0,2025-09,17240.42
O01583,C0236,2025-07-05,46,Hyderabad,P05,Grocery,CMP03,Loyalty Rewards,App,1,630.77,0.1,567.69,0,0,2025-07,567.69
O01584,C0557,2025-01-11,50,Bengaluru,P03,Fashion,CMP04,New Customer Offer,Social Media,2,1404.03,0.1,2527.25,0,0,2025-01,2527.25
O01585,C0317,2025-11-22,23,Hyderabad,P04,Beauty,CMP03,Loyalty Rewards,App,1,897.42,0.15,762.81,1,0,2025-11,762.81
O01586,C0462,2025-08-19,25,Chennai,P02,Home,CMP03,Loyalty Rewards,App,3,1352.97,0.2,3247.13,0,0,2025-08,3247.13
O01587,C0091,2025-01-29,28,Delhi,P01,Electronics,CMP01,Summer Sale,Email,1,4399.61,0.1,3959.65,0,0,2025-01,3959.65
O01588,C0133,2025-05-06,44,Pune,P03,Fashion,CMP04,New Customer Offer,Social Media,7,1246.94,0.05,8292.15,0,0,2025-05,8292.15
O01589,C0344,2025-05-01,44,Chennai,P06,Sports,CMP05,Weekend Flash Sale,Email,5,1768.82,0.0,8844.1,0,0,2025-05,8844.1
O01590,C0193,2025-11-19,33,Patna,P04,Beauty,CMP06,Win Back Campaign,SMS,1,791.73,0.1,712.56,0,0,2025-11,712.56
O01591,C0551,2025-10-16,30,Patna,P06,Sports,CMP04,New Customer Offer,Social Media,10,1911.37,0.05,18158.01,1,1,2025-10,18158.01
O01592,C0441,2025-05-06,55,Chennai,P06,Sports,CMP01,Summer Sale,Email,5,1589.69,0.0,7948.45,0,0,2025-05,7948.45
O01593,C0197,2025-09-20,45,Pune,P04,Beauty,CMP01,Summer Sale,Email,2,1001.53,0.15,1702.6,1,0,2025-09,1702.6
O01594,C0347,2025-03-26,40,Delhi,P05,Grocery,CMP05,Weekend Flash Sale,Email,4,686.65,0.2,2197.28,1,0,2025-03,2197.28
O01595,C0144,2025-06-07,51,Mumbai,P05,Grocery,CMP03,Loyalty Rewards,App,3,766.64,0.1,2069.93,0,0,2025-06,2069.93
O01596,C0010,2025-08-02,58,Bengaluru,P03,Fashion,CMP04,New Customer Offer,Social Media,3,1349.23,0.15,3440.54,0,0,2025-08,3440.54
O01597,C0534,2025-05-11,48,Delhi,P04,Beauty,CMP06,Win Back Campaign,SMS,1,928.73,0.05,882.29,1,0,2025-05,882.29
O01598,C0448,2025-01-15,37,Hyderabad,P01,Electronics,CMP02,Festival Offer,SMS,1,4946.19,0.0,4946.19,0,0,2025-01,4946.19
O01599,C0041,2025-06-30,24,Chennai,P04,Beauty,CMP04,New Customer Offer,Social Media,1,1122.18,0.0,1122.18,1,0,2025-06,1122.18
O01600,C0143,2025-12-14,47,Patna,P05,Grocery,CMP06,Win Back Campaign,SMS,1,703.12,0.0,703.12,1,0,2025-12,703.12
O01601,C0294,2025-11-08,26,Patna,P05,Grocery,CMP03,Loyalty Rewards,App,1,594.94,0.1,535.45,0,0,2025-11,535.45
O01602,C0431,2025-07-02,60,Bengaluru,P02,Home,CMP05,Weekend Flash Sale,Email,3,1695.39,0.15,4323.24,0,0,2025-07,4323.24
O01603,C0027,2025-03-30,48,Mumbai,P06,Sports,CMP02,Festival Offer,SMS,1,1642.8,0.15,1396.38,0,0,2025-03,1396.38
O01604,C0262,2025-09-23,24,Bengaluru,P02,Home,CMP01,Summer Sale,Email,1,1357.45,0.1,1221.71,0,0,2025-09,1221.71
O01605,C0491,2025-03-08,36,Patna,P04,Beauty,CMP05,Weekend Flash Sale,Email,1,784.82,0.1,706.34,1,1,2025-03,706.34
O01606,C0273,2025-11-18,57,Mumbai,P06,Sports,CMP02,Festival Offer,SMS,1,1805.43,0.05,1715.16,1,0,2025-11,1715.16
O01607,C0384,2025-05-16,37,Pune,P02,Home,CMP04,New Customer Offer,Social Media,5,1835.9,0.0,9179.5,0,0,2025-05,9179.5
O01608,C0558,2025-12-08,20,Hyderabad,P05,Grocery,CMP01,Summer Sale,Email,3,707.58,0.0,2122.74,0,0,2025-12,2122.74
O01609,C0199,2025-04-02,47,Bengaluru,P01,Electronics,CMP01,Summer Sale,Email,3,4291.69,0.0,12875.07,1,0,2025-04,12875.07
O01610,C0416,2025-05-23,33,Mumbai,P06,Sports,CMP04,New Customer Offer,Social Media,2,1685.7,0.1,3034.26,0,0,2025-05,3034.26
O01611,C0249,2025-01-17,54,Delhi,P03,Fashion,CMP02,Festival Offer,SMS,3,1062.52,0.15,2709.43,1,1,2025-01,2709.43
O01612,C0332,2025-07-27,35,Patna,P05,Grocery,CMP04,New Customer Offer,Social Media,1,630.58,0.2,504.46,0,0,2025-07,504.46
O01613,C0366,2025-08-28,52,Bengaluru,P04,Beauty,CMP05,Weekend Flash Sale,Email,1,842.13,0.1,757.92,1,0,2025-08,757.92
O01614,C0471,2025-12-25,26,Mumbai,P06,Sports,CMP04,New Customer Offer,Social Media,1,1684.94,0.0,1684.94,0,0,2025-12,1684.94
O01615,C0357,2025-04-28,55,Mumbai,P05,Grocery,CMP05,Weekend Flash Sale,Email,6,734.49,0.1,3966.25,0,0,2025-04,3966.25
O01616,C0403,2025-06-08,57,Hyderabad,P01,Electronics,CMP03,Loyalty Rewards,App,6,4684.32,0.15,23890.03,0,0,2025-06,23890.03
O01617,C0084,2025-01-14,25,Delhi,P03,Fashion,CMP01,Summer Sale,Email,4,1459.61,0.0,5838.44,0,0,2025-01,5838.44
O01618,C0211,2025-05-25,56,Mumbai,P06,Sports,CMP06,Win Back Campaign,SMS,3,1698.47,0.1,4585.87,0,0,2025-05,4585.87
O01619,C0508,2025-04-26,41,Pune,P04,Beauty,CMP04,New Customer Offer,Social Media,3,947.72,0.0,2843.16,0,0,2025-04,2843.16
O01620,C0040,2025-07-31,30,Chennai,P02,Home,CMP04,New Customer Offer,Social Media,4,2239.06,0.05,8508.43,0,0,2025-07,8508.43
O01621,C0342,2025-06-19,43,Kolkata,P01,Electronics,CMP06,Win Back Campaign,SMS,9,4329.53,0.05,37017.48,0,0,2025-06,37017.48
O01622,C0118,2025-05-11,56,Delhi,P05,Grocery,CMP05,Weekend Flash Sale,Email,1,605.12,0.1,544.61,0,0,2025-05,544.61
O01623,C0088,2025-07-12,27,Chennai,P01,Electronics,CMP04,New Customer Offer,Social Media,1,3695.57,0.1,3326.01,0,0,2025-07,3326.01
O01624,C0439,2025-08-14,24,Delhi,P01,Electronics,CMP06,Win Back Campaign,SMS,4,3266.65,0.1,11759.94,1,1,2025-08,11759.94
O01625,C0255,2025-12-09,54,Chennai,P02,Home,CMP02,Festival Offer,SMS,8,1754.1,0.2,11226.24,0,0,2025-12,11226.24
O01626,C0416,2025-09-12,57,Bengaluru,P02,Home,CMP06,Win Back Campaign,SMS,3,2080.37,0.1,5617.0,1,0,2025-09,5617.0
O01627,C0312,2025-03-24,21,Patna,P04,Beauty,CMP02,Festival Offer,SMS,3,895.92,0.1,2418.98,0,0,2025-03,2418.98
O01628,C0061,2025-10-05,23,Kolkata,P03,Fashion,CMP01,Summer Sale,Email,3,1308.77,0.15,3337.36,1,0,2025-10,3337.36
O01629,C0538,2025-06-02,25,Pune,P03,Fashion,CMP04,New Customer Offer,Social Media,2,1302.05,0.0,2604.1,0,0,2025-06,2604.1
O01630,C0430,2025-03-22,49,Delhi,P05,Grocery,CMP05,Weekend Flash Sale,Email,4,705.62,0.0,2822.48,0,0,2025-03,2822.48
O01631,C0203,2025-11-06,42,Patna,P06,Sports,CMP06,Win Back Campaign,SMS,1,1625.14,0.0,1625.14,0,0,2025-11,1625.14
O01632,C0578,2025-01-05,49,Delhi,P05,Grocery,CMP04,New Customer Offer,Social Media,4,634.98,0.1,2285.93,0,0,2025-01,2285.93
O01633,C0644,2025-09-30,57,Mumbai,P01,Electronics,CMP02,Festival Offer,SMS,4,3836.79,0.1,13812.44,0,0,2025-09,13812.44
O01634,C0008,2025-01-13,58,Patna,P02,Home,CMP01,Summer Sale,Email,6,1418.83,0.05,8087.33,1,0,2025-01,8087.33
O01635,C0131,2025-12-07,46,Pune,P04,Beauty,CMP04,New Customer Offer,Social Media,2,1015.17,0.1,1827.31,0,0,2025-12,1827.31
O01636,C0126,2025-12-28,56,Bengaluru,P04,Beauty,CMP02,Festival Offer,SMS,3,796.84,0.1,2151.47,0,0,2025-12,2151.47
O01637,C0298,2025-10-18,58,Patna,P03,Fashion,CMP01,Summer Sale,Email,1,1329.8,0.1,1196.82,1,1,2025-10,1196.82
O01638,C0097,2025-02-04,56,Bengaluru,P01,Electronics,CMP05,Weekend Flash Sale,Email,3,4352.12,0.1,11750.72,1,0,2025-02,11750.72
O01639,C0483,2025-12-12,50,Chennai,P03,Fashion,CMP01,Summer Sale,Email,1,1369.75,0.0,1369.75,1,0,2025-12,1369.75
O01640,C0301,2025-02-16,30,Hyderabad,P03,Fashion,CMP03,Loyalty Rewards,App,4,1331.35,0.15,4526.59,1,1,2025-02,4526.59
O01641,C0615,2025-06-01,24,Hyderabad,P02,Home,CMP01,Summer Sale,Email,1,2206.9,0.0,2206.9,0,0,2025-06,2206.9
O01642,C0600,2025-10-09,48,Bengaluru,P02,Home,CMP03,Loyalty Rewards,App,1,1946.83,0.1,1752.15,1,0,2025-10,1752.15
O01643,C0642,2025-09-14,56,Patna,P04,Beauty,CMP02,Festival Offer,SMS,1,1143.76,0.0,1143.76,1,1,2025-09,1143.76
O01644,C0418,2025-02-14,45,Patna,P03,Fashion,CMP03,Loyalty Rewards,App,4,1048.33,0.0,4193.32,0,0,2025-02,4193.32
O01645,C0618,2025-01-19,41,Bengaluru,P04,Beauty,CMP02,Festival Offer,SMS,2,731.83,0.1,1317.29,0,0,2025-01,1317.29
O01646,C0601,2025-12-25,44,Kolkata,P02,Home,CMP03,Loyalty Rewards,App,3,1770.71,0.05,5046.52,0,0,2025-12,5046.52
O01647,C0119,2025-08-09,37,Hyderabad,P03,Fashion,CMP05,Weekend Flash Sale,Email,6,1291.41,0.0,7748.46,0,0,2025-08,7748.46
O01648,C0234,2025-11-16,45,Mumbai,P05,Grocery,CMP05,Weekend Flash Sale,Email,1,627.05,0.15,532.99,1,0,2025-11,532.99
O01649,C0592,2025-08-17,39,Pune,P05,Grocery,CMP03,Loyalty Rewards,App,3,546.74,0.0,1640.22,0,0,2025-08,1640.22
O01650,C0299,2025-11-15,21,Hyderabad,P04,Beauty,CMP02,Festival Offer,SMS,1,934.25,0.0,934.25,0,0,2025-11,934.25
O01651,C0156,2025-04-27,30,Pune,P01,Electronics,CMP02,Festival Offer,SMS,1,4049.01,0.15,3441.66,0,0,2025-04,3441.66
O01652,C0368,2025-11-11,22,Bengaluru,P04,Beauty,CMP02,Festival Offer,SMS,2,842.35,0.15,1432.0,0,0,2025-11,1432.0
O01653,C0006,2025-12-20,60,Hyderabad,P05,Grocery,CMP06,Win Back Campaign,SMS,2,754.64,0.0,1509.28,0,0,2025-12,1509.28
O01654,C0105,2025-08-19,39,Bengaluru,P06,Sports,CMP04,New Customer Offer,Social Media,6,1236.79,0.1,6678.67,0,0,2025-08,6678.67
O01655,C0288,2025-12-12,30,Kolkata,P05,Grocery,CMP06,Win Back Campaign,SMS,1,512.92,0.2,410.34,0,0,2025-12,410.34
O01656,C0470,2025-04-24,21,Hyderabad,P01,Electronics,CMP04,New Customer Offer,Social Media,2,4803.16,0.05,9126.0,0,0,2025-04,9126.0
O01657,C0444,2025-04-20,53,Hyderabad,P05,Grocery,CMP06,Win Back Campaign,SMS,1,595.03,0.1,535.53,0,0,2025-04,535.53
O01658,C0647,2025-07-06,34,Mumbai,P01,Electronics,CMP06,Win Back Campaign,SMS,6,5242.38,0.15,26736.14,0,0,2025-07,26736.14
O01659,C0068,2025-10-04,44,Kolkata,P04,Beauty,CMP01,Summer Sale,Email,3,800.27,0.0,2400.81,0,0,2025-10,2400.81
O01660,C0169,2025-11-09,32,Patna,P06,Sports,CMP05,Weekend Flash Sale,Email,7,1381.14,0.1,8701.18,0,0,2025-11,8701.18
O01661,C0098,2025-05-03,55,Mumbai,P05,Grocery,CMP01,Summer Sale,Email,3,717.94,0.05,2046.13,0,0,2025-05,2046.13
O01662,C0377,2025-10-29,53,Chennai,P01,Electronics,CMP01,Summer Sale,Email,2,3547.88,0.2,5676.61,1,0,2025-10,5676.61
O01663,C0410,2025-04-19,38,Mumbai,P03,Fashion,CMP03,Loyalty Rewards,App,2,1032.15,0.15,1754.66,1,1,2025-04,1754.66
O01664,C0490,2025-05-11,23,Chennai,P06,Sports,CMP04,New Customer Offer,Social Media,3,1832.38,0.1,4947.43,0,0,2025-05,4947.43
O01665,C0055,2025-02-11,53,Bengaluru,P03,Fashion,CMP04,New Customer Offer,Social Media,3,1042.25,0.0,3126.75,0,0,2025-02,3126.75
O01666,C0265,2025-01-18,41,Pune,P03,Fashion,CMP03,Loyalty Rewards,App,4,1437.16,0.1,5173.78,0,0,2025-01,5173.78
O01667,C0039,2025-12-04,28,Chennai,P06,Sports,CMP05,Weekend Flash Sale,Email,1,1948.37,0.05,1850.95,1,0,2025-12,1850.95
O01668,C0139,2025-10-29,25,Delhi,P05,Grocery,CMP02,Festival Offer,SMS,1,610.42,0.1,549.38,0,0,2025-10,549.38
O01669,C0434,2025-06-12,48,Chennai,P05,Grocery,CMP06,Win Back Campaign,SMS,3,696.49,0.1,1880.52,1,0,2025-06,1880.52
O01670,C0210,2025-09-06,51,Mumbai,P05,Grocery,CMP06,Win Back Campaign,SMS,1,732.79,0.1,659.51,1,1,2025-09,659.51
O01671,C0065,2025-01-30,52,Kolkata,P01,Electronics,CMP02,Festival Offer,SMS,6,3643.54,0.0,21861.24,0,0,2025-01,21861.24
O01672,C0595,2025-04-22,53,Delhi,P04,Beauty,CMP04,New Customer Offer,Social Media,2,726.98,0.1,1308.56,1,1,2025-04,1308.56
O01673,C0436,2025-08-03,24,Bengaluru,P04,Beauty,CMP04,New Customer Offer,Social Media,2,919.39,0.0,1838.78,0,0,2025-08,1838.78
O01674,C0384,2025-07-11,52,Chennai,P02,Home,CMP02,Festival Offer,SMS,2,1452.34,0.1,2614.21,0,0,2025-07,2614.21
O01675,C0121,2025-04-30,27,Patna,P06,Sports,CMP02,Festival Offer,SMS,5,1866.76,0.0,9333.8,0,0,2025-04,9333.8
O01676,C0536,2025-05-22,22,Kolkata,P02,Home,CMP06,Win Back Campaign,SMS,1,2191.16,0.0,2191.16,0,0,2025-05,2191.16
O01677,C0600,2025-03-01,36,Pune,P05,Grocery,CMP04,New Customer Offer,Social Media,1,720.06,0.0,720.06,0,0,2025-03,720.06
O01678,C0284,2025-08-19,42,Delhi,P05,Grocery,CMP04,New Customer Offer,Social Media,2,736.36,0.05,1399.08,0,0,2025-08,1399.08
O01679,C0248,2025-07-27,21,Chennai,P01,Electronics,CMP04,New Customer Offer,Social Media,1,3505.83,0.0,3505.83,0,0,2025-07,3505.83
O01680,C0178,2025-03-21,29,Delhi,P05,Grocery,CMP05,Weekend Flash Sale,Email,1,616.2,0.1,554.58,0,0,2025-03,554.58
O01681,C0105,2025-01-13,57,Chennai,P05,Grocery,CMP05,Weekend Flash Sale,Email,2,623.15,0.0,1246.3,1,1,2025-01,1246.3
O01682,C0596,2025-05-14,41,Mumbai,P05,Grocery,CMP03,Loyalty Rewards,App,2,798.42,0.15,1357.31,1,0,2025-05,1357.31
O01683,C0108,2025-08-03,37,Kolkata,P02,Home,CMP06,Win Back Campaign,SMS,2,1632.33,0.05,3101.43,0,0,2025-08,3101.43
O01684,C0267,2025-01-17,56,Pune,P06,Sports,CMP06,Win Back Campaign,SMS,1,1233.31,0.0,1233.31,0,0,2025-01,1233.31
O01685,C0041,2025-12-11,36,Hyderabad,P02,Home,CMP02,Festival Offer,SMS,3,1491.0,0.0,4473.0,1,1,2025-12,4473.0
O01686,C0261,2025-06-30,44,Delhi,P04,Beauty,CMP01,Summer Sale,Email,5,1011.6,0.0,5058.0,0,0,2025-06,5058.0
O01687,C0503,2025-01-14,50,Delhi,P03,Fashion,CMP02,Festival Offer,SMS,3,1179.87,0.0,3539.61,0,0,2025-01,3539.61
O01688,C0565,2025-08-08,52,Pune,P06,Sports,CMP01,Summer Sale,Email,1,1769.03,0.05,1680.58,0,0,2025-08,1680.58
O01689,C0118,2025-03-04,23,Hyderabad,P04,Beauty,CMP01,Summer Sale,Email,3,917.95,0.1,2478.47,1,0,2025-03,2478.47
O01690,C0335,2025-05-05,40,Pune,P04,Beauty,CMP01,Summer Sale,Email,2,892.59,0.0,1785.18,0,0,2025-05,1785.18
O01691,C0353,2025-06-19,40,Mumbai,P04,Beauty,CMP01,Summer Sale,Email,2,1022.02,0.1,1839.64,1,1,2025-06,1839.64
O01692,C0641,2025-04-26,45,Pune,P03,Fashion,CMP01,Summer Sale,Email,2,948.05,0.1,1706.49,0,0,2025-04,1706.49
O01693,C0223,2025-06-29,34,Hyderabad,P04,Beauty,CMP02,Festival Offer,SMS,1,801.37,0.2,641.1,0,0,2025-06,641.1
O01694,C0499,2025-04-21,57,Mumbai,P05,Grocery,CMP03,Loyalty Rewards,App,4,648.48,0.0,2593.92,1,1,2025-04,2593.92
O01695,C0522,2025-01-08,21,Mumbai,P03,Fashion,CMP03,Loyalty Rewards,App,1,1392.5,0.0,1392.5,0,0,2025-01,1392.5
O01696,C0580,2025-01-02,40,Chennai,P03,Fashion,CMP03,Loyalty Rewards,App,1,957.44,0.1,861.7,1,0,2025-01,861.7
O01697,C0494,2025-08-22,48,Mumbai,P03,Fashion,CMP05,Weekend Flash Sale,Email,3,1101.4,0.0,3304.2,0,0,2025-08,3304.2
O01698,C0008,2025-05-14,55,Hyderabad,P05,Grocery,CMP06,Win Back Campaign,SMS,3,772.39,0.15,1969.59,0,0,2025-05,1969.59
O01699,C0605,2025-07-09,39,Delhi,P06,Sports,CMP05,Weekend Flash Sale,Email,5,1579.91,0.05,7504.57,0,0,2025-07,7504.57
O01700,C0230,2025-07-08,33,Hyderabad,P05,Grocery,CMP02,Festival Offer,SMS,1,658.61,0.2,526.89,0,0,2025-07,526.89
O01701,C0020,2025-12-12,54,Delhi,P05,Grocery,CMP02,Festival Offer,SMS,3,494.32,0.05,1408.81,1,0,2025-12,1408.81
O01702,C0596,2025-05-28,23,Mumbai,P02,Home,CMP04,New Customer Offer,Social Media,1,1921.06,0.0,1921.06,0,0,2025-05,1921.06
O01703,C0342,2025-01-07,56,Pune,P06,Sports,CMP01,Summer Sale,Email,4,1879.97,0.15,6391.9,1,1,2025-01,6391.9
O01704,C0562,2025-09-21,32,Bengaluru,P02,Home,CMP03,Loyalty Rewards,App,5,1404.68,0.1,6321.06,0,0,2025-09,6321.06
O01705,C0055,2025-03-27,42,Chennai,P03,Fashion,CMP01,Summer Sale,Email,2,1346.38,0.05,2558.12,0,0,2025-03,2558.12
O01706,C0125,2025-10-02,27,Hyderabad,P05,Grocery,CMP02,Festival Offer,SMS,5,676.63,0.0,3383.15,0,0,2025-10,3383.15
O01707,C0327,2025-11-25,42,Pune,P05,Grocery,CMP06,Win Back Campaign,SMS,4,744.87,0.0,2979.48,1,0,2025-11,2979.48
O01708,C0087,2025-02-11,55,Delhi,P03,Fashion,CMP03,Loyalty Rewards,App,1,1204.7,0.15,1024.0,1,1,2025-02,1024.0
O01709,C0454,2025-03-16,52,Mumbai,P02,Home,CMP02,Festival Offer,SMS,2,2042.69,0.15,3472.57,0,0,2025-03,3472.57
O01710,C0539,2025-04-30,32,Patna,P06,Sports,CMP05,Weekend Flash Sale,Email,2,1780.19,0.0,3560.38,0,0,2025-04,3560.38
O01711,C0629,2025-09-14,56,Delhi,P03,Fashion,CMP03,Loyalty Rewards,App,3,962.49,0.1,2598.72,0,0,2025-09,2598.72
O01712,C0610,2025-10-14,35,Chennai,P01,Electronics,CMP01,Summer Sale,Email,2,4099.06,0.0,8198.12,0,0,2025-10,8198.12
O01713,C0030,2025-03-20,30,Bengaluru,P04,Beauty,CMP06,Win Back Campaign,SMS,1,763.63,0.1,687.27,1,1,2025-03,687.27
O01714,C0224,2025-03-27,56,Hyderabad,P04,Beauty,CMP02,Festival Offer,SMS,3,1083.28,0.0,3249.84,0,0,2025-03,3249.84
O01715,C0649,2025-02-11,29,Chennai,P01,Electronics,CMP05,Weekend Flash Sale,Email,1,4690.1,0.0,4690.1,0,0,2025-02,4690.1
O01716,C0146,2025-11-18,28,Patna,P03,Fashion,CMP01,Summer Sale,Email,1,1474.26,0.1,1326.83,1,1,2025-11,1326.83
O01717,C0065,2025-03-08,57,Pune,P03,Fashion,CMP05,Weekend Flash Sale,Email,2,1364.61,0.1,2456.3,0,0,2025-03,2456.3
O01718,C0542,2025-10-25,25,Chennai,P03,Fashion,CMP03,Loyalty Rewards,App,4,1257.34,0.15,4274.96,0,0,2025-10,4274.96
O01719,C0167,2025-04-15,27,Delhi,P04,Beauty,CMP05,Weekend Flash Sale,Email,2,799.87,0.05,1519.75,1,1,2025-04,1519.75
O01720,C0473,2025-05-29,23,Kolkata,P04,Beauty,CMP04,New Customer Offer,Social Media,1,1041.83,0.15,885.56,0,0,2025-05,885.56
O01721,C0052,2025-11-13,55,Chennai,P03,Fashion,CMP03,Loyalty Rewards,App,2,1431.61,0.0,2863.22,0,0,2025-11,2863.22
O01722,C0468,2025-09-25,45,Delhi,P01,Electronics,CMP01,Summer Sale,Email,1,4093.67,0.05,3888.99,0,0,2025-09,3888.99
O01723,C0218,2025-12-10,36,Pune,P04,Beauty,CMP03,Loyalty Rewards,App,1,799.26,0.0,799.26,1,1,2025-12,799.26
O01724,C0563,2025-01-24,30,Delhi,P03,Fashion,CMP04,New Customer Offer,Social Media,1,1227.08,0.0,1227.08,0,0,2025-01,1227.08
O01725,C0268,2025-03-29,23,Mumbai,P03,Fashion,CMP02,Festival Offer,SMS,2,967.06,0.05,1837.41,0,0,2025-03,1837.41
O01726,C0279,2025-04-02,59,Chennai,P01,Electronics,CMP04,New Customer Offer,Social Media,4,5038.39,0.1,18138.2,0,0,2025-04,18138.2
O01727,C0081,2025-08-22,27,Delhi,P04,Beauty,CMP04,New Customer Offer,Social Media,4,713.38,0.15,2425.49,0,0,2025-08,2425.49
O01728,C0530,2025-03-26,23,Pune,P04,Beauty,CMP01,Summer Sale,Email,3,822.26,0.1,2220.1,0,0,2025-03,2220.1
O01729,C0637,2025-06-01,22,Bengaluru,P02,Home,CMP03,Loyalty Rewards,App,2,2181.5,0.15,3708.55,0,0,2025-06,3708.55
O01730,C0505,2025-07-03,47,Delhi,P06,Sports,CMP01,Summer Sale,Email,6,1665.23,0.05,9491.81,0,0,2025-07,9491.81
O01731,C0585,2025-06-08,38,Bengaluru,P03,Fashion,CMP04,New Customer Offer,Social Media,3,1234.51,0.15,3148.0,0,0,2025-06,3148.0
O01732,C0136,2025-05-16,57,Patna,P03,Fashion,CMP05,Weekend Flash Sale,Email,2,1064.1,0.1,1915.38,0,0,2025-05,1915.38
O01733,C0126,2025-09-23,20,Bengaluru,P02,Home,CMP03,Loyalty Rewards,App,4,1839.63,0.1,6622.67,0,0,2025-09,6622.67
O01734,C0268,2025-08-18,34,Mumbai,P05,Grocery,CMP05,Weekend Flash Sale,Email,1,739.97,0.0,739.97,0,0,2025-08,739.97
O01735,C0325,2025-09-28,55,Mumbai,P01,Electronics,CMP04,New Customer Offer,Social Media,4,3327.38,0.15,11313.09,0,0,2025-09,11313.09
O01736,C0499,2025-10-04,32,Pune,P05,Grocery,CMP06,Win Back Campaign,SMS,1,705.75,0.0,705.75,0,0,2025-10,705.75
O01737,C0296,2025-05-16,45,Pune,P04,Beauty,CMP06,Win Back Campaign,SMS,1,1170.28,0.0,1170.28,1,0,2025-05,1170.28
O01738,C0399,2025-01-22,26,Kolkata,P04,Beauty,CMP01,Summer Sale,Email,6,1158.08,0.1,6253.63,0,0,2025-01,6253.63
O01739,C0015,2025-03-02,29,Mumbai,P05,Grocery,CMP06,Win Back Campaign,SMS,4,696.18,0.05,2645.48,0,0,2025-03,2645.48
O01740,C0109,2025-11-26,44,Delhi,P02,Home,CMP06,Win Back Campaign,SMS,2,1486.72,0.05,2824.77,0,0,2025-11,2824.77
O01741,C0238,2025-05-23,46,Mumbai,P04,Beauty,CMP01,Summer Sale,Email,1,811.68,0.05,771.1,1,1,2025-05,771.1
O01742,C0385,2025-04-17,41,Mumbai,P04,Beauty,CMP04,New Customer Offer,Social Media,3,1100.61,0.05,3136.74,1,1,2025-04,3136.74
O01743,C0431,2025-07-01,54,Kolkata,P01,Electronics,CMP05,Weekend Flash Sale,Email,3,3727.89,0.0,11183.67,1,0,2025-07,11183.67
O01744,C0432,2025-08-19,59,Patna,P05,Grocery,CMP06,Win Back Campaign,SMS,3,698.51,0.0,2095.53,0,0,2025-08,2095.53
O01745,C0580,2025-12-20,22,Delhi,P01,Electronics,CMP02,Festival Offer,SMS,3,3736.6,0.2,8967.84,0,0,2025-12,8967.84
O01746,C0049,2025-05-06,22,Delhi,P01,Electronics,CMP03,Loyalty Rewards,App,4,4499.53,0.1,16198.31,1,0,2025-05,16198.31
O01747,C0158,2025-04-13,56,Patna,P05,Grocery,CMP04,New Customer Offer,Social Media,3,534.22,0.15,1362.26,1,1,2025-04,1362.26
O01748,C0569,2025-02-23,47,Patna,P03,Fashion,CMP05,Weekend Flash Sale,Email,2,1232.24,0.2,1971.58,0,0,2025-02,1971.58
O01749,C0417,2025-08-21,41,Kolkata,P01,Electronics,CMP01,Summer Sale,Email,2,3324.59,0.1,5984.26,1,1,2025-08,5984.26
O01750,C0616,2025-08-02,49,Mumbai,P03,Fashion,CMP02,Festival Offer,SMS,2,1173.48,0.05,2229.61,0,0,2025-08,2229.61
O01751,C0136,2025-11-22,60,Delhi,P05,Grocery,CMP06,Win Back Campaign,SMS,2,775.05,0.05,1472.59,1,0,2025-11,1472.59
O01752,C0606,2025-12-28,48,Bengaluru,P04,Beauty,CMP05,Weekend Flash Sale,Email,2,727.62,0.1,1309.72,0,0,2025-12,1309.72
O01753,C0276,2025-01-29,49,Patna,P06,Sports,CMP03,Loyalty Rewards,App,3,1260.65,0.05,3592.85,0,0,2025-01,3592.85
O01754,C0523,2025-01-18,48,Mumbai,P03,Fashion,CMP05,Weekend Flash Sale,Email,2,1314.11,0.15,2233.99,1,1,2025-01,2233.99
O01755,C0544,2025-03-18,33,Kolkata,P06,Sports,CMP06,Win Back Campaign,SMS,3,1471.92,0.0,4415.76,1,0,2025-03,4415.76
O01756,C0229,2025-12-14,56,Delhi,P04,Beauty,CMP02,Festival Offer,SMS,3,727.16,0.05,2072.41,0,0,2025-12,2072.41
O01757,C0013,2025-09-27,47,Chennai,P01,Electronics,CMP01,Summer Sale,Email,5,3642.35,0.1,16390.58,0,0,2025-09,16390.58
O01758,C0404,2025-12-08,39,Chennai,P05,Grocery,CMP05,Weekend Flash Sale,Email,3,735.09,0.0,2205.27,0,0,2025-12,2205.27
O01759,C0445,2025-09-09,31,Pune,P03,Fashion,CMP02,Festival Offer,SMS,2,1001.25,0.0,2002.5,0,0,2025-09,2002.5
O01760,C0476,2025-01-31,21,Chennai,P02,Home,CMP01,Summer Sale,Email,3,1372.15,0.1,3704.81,1,0,2025-01,3704.81
O01761,C0262,2025-01-27,60,Kolkata,P03,Fashion,CMP03,Loyalty Rewards,App,6,1359.99,0.05,7751.94,0,0,2025-01,7751.94
O01762,C0348,2025-09-16,28,Chennai,P03,Fashion,CMP04,New Customer Offer,Social Media,6,1159.2,0.05,6607.44,0,0,2025-09,6607.44
O01763,C0435,2025-12-01,41,Patna,P01,Electronics,CMP06,Win Back Campaign,SMS,2,4623.35,0.0,9246.7,0,0,2025-12,9246.7
O01764,C0500,2025-02-09,55,Mumbai,P02,Home,CMP03,Loyalty Rewards,App,1,2222.59,0.05,2111.46,0,0,2025-02,2111.46
O01765,C0570,2025-11-08,43,Chennai,P01,Electronics,CMP02,Festival Offer,SMS,6,4036.6,0.0,24219.6,0,0,2025-11,24219.6
O01766,C0227,2025-03-31,44,Delhi,P04,Beauty,CMP02,Festival Offer,SMS,4,914.09,0.2,2925.09,1,1,2025-03,2925.09
O01767,C0462,2025-05-10,38,Delhi,P06,Sports,CMP06,Win Back Campaign,SMS,2,1892.8,0.05,3596.32,0,0,2025-05,3596.32
O01768,C0235,2025-11-08,43,Pune,P01,Electronics,CMP03,Loyalty Rewards,App,6,4896.49,0.15,24972.1,0,0,2025-11,24972.1
O01769,C0268,2025-12-15,31,Kolkata,P04,Beauty,CMP06,Win Back Campaign,SMS,1,1150.78,0.0,1150.78,0,0,2025-12,1150.78
O01770,C0348,2025-10-06,25,Mumbai,P02,Home,CMP03,Loyalty Rewards,App,1,1362.66,0.05,1294.53,0,0,2025-10,1294.53
O01771,C0496,2025-02-02,40,Bengaluru,P04,Beauty,CMP03,Loyalty Rewards,App,1,921.55,0.2,737.24,0,0,2025-02,737.24
O01772,C0343,2025-09-24,26,Pune,P05,Grocery,CMP01,Summer Sale,Email,3,650.42,0.0,1951.26,0,0,2025-09,1951.26
O01773,C0064,2025-09-13,47,Pune,P03,Fashion,CMP03,Loyalty Rewards,App,2,1075.81,0.1,1936.46,1,0,2025-09,1936.46
O01774,C0385,2025-03-21,42,Pune,P01,Electronics,CMP02,Festival Offer,SMS,3,5166.39,0.15,13174.29,1,1,2025-03,13174.29
O01775,C0498,2025-05-24,43,Delhi,P05,Grocery,CMP03,Loyalty Rewards,App,4,591.47,0.15,2011.0,1,0,2025-05,2011.0
O01776,C0466,2025-10-08,25,Delhi,P04,Beauty,CMP04,New Customer Offer,Social Media,2,877.34,0.0,1754.68,0,0,2025-10,1754.68
O01777,C0164,2025-12-09,45,Kolkata,P02,Home,CMP03,Loyalty Rewards,App,5,1922.15,0.1,8649.68,0,0,2025-12,8649.68
O01778,C0382,2025-02-15,20,Chennai,P06,Sports,CMP01,Summer Sale,Email,1,1561.62,0.1,1405.46,1,1,2025-02,1405.46
O01779,C0163,2025-03-24,20,Pune,P03,Fashion,CMP03,Loyalty Rewards,App,1,1337.89,0.0,1337.89,0,0,2025-03,1337.89
O01780,C0028,2025-12-26,48,Chennai,P03,Fashion,CMP04,New Customer Offer,Social Media,6,1077.13,0.1,5816.5,0,0,2025-12,5816.5
O01781,C0534,2025-12-14,35,Hyderabad,P02,Home,CMP02,Festival Offer,SMS,3,1584.6,0.1,4278.42,1,1,2025-12,4278.42
O01782,C0440,2025-10-11,50,Patna,P01,Electronics,CMP01,Summer Sale,Email,3,4378.15,0.1,11821.0,0,0,2025-10,11821.0
O01783,C0584,2025-10-17,60,Hyderabad,P06,Sports,CMP01,Summer Sale,Email,5,1419.89,0.05,6744.48,0,0,2025-10,6744.48
O01784,C0128,2025-03-16,32,Delhi,P05,Grocery,CMP03,Loyalty Rewards,App,4,670.99,0.1,2415.56,0,0,2025-03,2415.56
O01785,C0453,2025-12-25,38,Kolkata,P01,Electronics,CMP01,Summer Sale,Email,3,4250.16,0.1,11475.43,1,1,2025-12,11475.43
O01786,C0438,2025-07-22,37,Hyderabad,P05,Grocery,CMP06,Win Back Campaign,SMS,1,762.17,0.05,724.06,1,1,2025-07,724.06
O01787,C0338,2025-09-05,30,Chennai,P05,Grocery,CMP05,Weekend Flash Sale,Email,1,524.34,0.1,471.91,1,1,2025-09,471.91
O01788,C0163,2025-09-24,51,Kolkata,P06,Sports,CMP02,Festival Offer,SMS,1,1881.35,0.15,1599.15,0,0,2025-09,1599.15
O01789,C0128,2025-05-15,28,Kolkata,P05,Grocery,CMP06,Win Back Campaign,SMS,2,785.54,0.15,1335.42,1,0,2025-05,1335.42
O01790,C0101,2025-10-20,21,Kolkata,P02,Home,CMP05,Weekend Flash Sale,Email,5,1620.0,0.05,7695.0,0,0,2025-10,7695.0
O01791,C0334,2025-01-14,45,Kolkata,P01,Electronics,CMP01,Summer Sale,Email,3,3200.89,0.05,9122.54,0,0,2025-01,9122.54
O01792,C0565,2025-02-08,40,Patna,P06,Sports,CMP01,Summer Sale,Email,7,1587.71,0.15,9446.87,1,0,2025-02,9446.87
O01793,C0496,2025-05-08,35,Mumbai,P06,Sports,CMP04,New Customer Offer,Social Media,1,1536.48,0.1,1382.83,1,0,2025-05,1382.83
O01794,C0273,2025-09-29,23,Bengaluru,P01,Electronics,CMP02,Festival Offer,SMS,2,4913.53,0.1,8844.35,0,0,2025-09,8844.35
O01795,C0216,2025-01-26,48,Bengaluru,P04,Beauty,CMP06,Win Back Campaign,SMS,4,815.51,0.15,2772.73,0,0,2025-01,2772.73
O01796,C0244,2025-06-15,20,Bengaluru,P06,Sports,CMP02,Festival Offer,SMS,1,1805.28,0.0,1805.28,1,0,2025-06,1805.28
O01797,C0340,2025-02-02,46,Bengaluru,P05,Grocery,CMP06,Win Back Campaign,SMS,4,623.13,0.05,2367.89,1,1,2025-02,2367.89
O01798,C0237,2025-12-25,20,Kolkata,P05,Grocery,CMP03,Loyalty Rewards,App,3,498.83,0.05,1421.67,0,0,2025-12,1421.67
O01799,C0454,2025-01-11,30,Pune,P01,Electronics,CMP04,New Customer Offer,Social Media,4,4591.35,0.1,16528.86,1,1,2025-01,16528.86
O01800,C0374,2025-12-09,50,Hyderabad,P03,Fashion,CMP01,Summer Sale,Email,3,912.94,0.0,2738.82,0,0,2025-12,2738.82
O01801,C0195,2025-02-23,45,Chennai,P06,Sports,CMP03,Loyalty Rewards,App,3,1912.13,0.1,5162.75,0,0,2025-02,5162.75
O01802,C0387,2025-12-31,52,Mumbai,P01,Electronics,CMP02,Festival Offer,SMS,5,4922.07,0.05,23379.83,0,0,2025-12,23379.83
O01803,C0531,2025-06-10,48,Kolkata,P06,Sports,CMP02,Festival Offer,SMS,3,1749.36,0.0,5248.08,1,1,2025-06,5248.08
O01804,C0066,2025-05-08,26,Hyderabad,P06,Sports,CMP01,Summer Sale,Email,6,1383.85,0.05,7887.94,1,1,2025-05,7887.94
O01805,C0063,2025-01-09,29,Patna,P04,Beauty,CMP06,Win Back Campaign,SMS,3,966.95,0.2,2320.68,0,0,2025-01,2320.68
O01806,C0322,2025-08-27,20,Mumbai,P06,Sports,CMP02,Festival Offer,SMS,7,1402.43,0.15,8344.46,0,0,2025-08,8344.46
O01807,C0324,2025-10-02,48,Chennai,P02,Home,CMP03,Loyalty Rewards,App,3,1966.41,0.1,5309.31,1,0,2025-10,5309.31
O01808,C0599,2025-04-26,21,Bengaluru,P05,Grocery,CMP01,Summer Sale,Email,2,705.46,0.1,1269.83,0,0,2025-04,1269.83
O01809,C0504,2025-08-10,31,Chennai,P01,Electronics,CMP02,Festival Offer,SMS,3,4436.06,0.2,10646.54,1,0,2025-08,10646.54
O01810,C0250,2025-08-19,35,Patna,P06,Sports,CMP02,Festival Offer,SMS,7,1490.7,0.0,10434.9,1,1,2025-08,10434.9
O01811,C0185,2025-01-15,29,Hyderabad,P02,Home,CMP01,Summer Sale,Email,4,1996.84,0.1,7188.62,0,0,2025-01,7188.62
O01812,C0326,2025-09-13,60,Hyderabad,P05,Grocery,CMP05,Weekend Flash Sale,Email,2,611.37,0.2,978.19,1,0,2025-09,978.19
O01813,C0048,2025-05-24,57,Patna,P06,Sports,CMP05,Weekend Flash Sale,Email,1,1833.51,0.1,1650.16,0,0,2025-05,1650.16
O01814,C0380,2025-05-26,34,Kolkata,P04,Beauty,CMP05,Weekend Flash Sale,Email,1,1100.14,0.0,1100.14,1,0,2025-05,1100.14
O01815,C0358,2025-05-17,48,Patna,P03,Fashion,CMP05,Weekend Flash Sale,Email,1,942.67,0.1,848.4,0,0,2025-05,848.4
O01816,C0072,2025-11-09,30,Delhi,P01,Electronics,CMP02,Festival Offer,SMS,6,3449.43,0.1,18626.92,1,0,2025-11,18626.92
O01817,C0370,2025-12-12,45,Kolkata,P05,Grocery,CMP02,Festival Offer,SMS,10,605.65,0.0,6056.5,0,0,2025-12,6056.5
O01818,C0229,2025-08-06,36,Bengaluru,P05,Grocery,CMP02,Festival Offer,SMS,1,807.48,0.05,767.11,1,0,2025-08,767.11
O01819,C0296,2025-05-14,55,Chennai,P02,Home,CMP06,Win Back Campaign,SMS,2,1559.27,0.0,3118.54,0,0,2025-05,3118.54
O01820,C0457,2025-06-23,48,Chennai,P03,Fashion,CMP06,Win Back Campaign,SMS,1,1355.03,0.0,1355.03,0,0,2025-06,1355.03
O01821,C0257,2025-10-07,43,Hyderabad,P02,Home,CMP06,Win Back Campaign,SMS,6,2228.64,0.15,11366.06,0,0,2025-10,11366.06
O01822,C0275,2025-06-15,60,Delhi,P05,Grocery,CMP06,Win Back Campaign,SMS,1,654.72,0.0,654.72,0,0,2025-06,654.72
O01823,C0304,2025-02-28,55,Bengaluru,P02,Home,CMP05,Weekend Flash Sale,Email,1,2004.83,0.0,2004.83,1,0,2025-02,2004.83
O01824,C0349,2025-09-24,35,Kolkata,P06,Sports,CMP06,Win Back Campaign,SMS,3,1546.88,0.15,3944.54,0,0,2025-09,3944.54
O01825,C0290,2025-08-25,38,Patna,P02,Home,CMP04,New Customer Offer,Social Media,2,1730.2,0.0,3460.4,0,0,2025-08,3460.4
O01826,C0463,2025-03-28,34,Pune,P03,Fashion,CMP06,Win Back Campaign,SMS,1,1336.31,0.05,1269.49,1,0,2025-03,1269.49
O01827,C0562,2025-10-29,34,Pune,P04,Beauty,CMP01,Summer Sale,Email,3,878.41,0.0,2635.23,0,0,2025-10,2635.23
O01828,C0029,2025-02-07,22,Pune,P02,Home,CMP01,Summer Sale,Email,10,2088.77,0.05,19843.31,0,0,2025-02,19843.31
O01829,C0223,2025-05-17,48,Hyderabad,P04,Beauty,CMP02,Festival Offer,SMS,2,958.97,0.1,1726.15,1,0,2025-05,1726.15
O01830,C0464,2025-12-24,39,Pune,P02,Home,CMP01,Summer Sale,Email,2,1894.01,0.05,3598.62,1,1,2025-12,3598.62
O01831,C0164,2025-10-04,47,Hyderabad,P04,Beauty,CMP06,Win Back Campaign,SMS,2,1141.49,0.15,1940.53,0,0,2025-10,1940.53
O01832,C0298,2025-08-26,21,Patna,P02,Home,CMP02,Festival Offer,SMS,7,1892.39,0.0,13246.73,1,1,2025-08,13246.73
O01833,C0279,2025-09-09,33,Mumbai,P04,Beauty,CMP01,Summer Sale,Email,1,813.43,0.0,813.43,1,0,2025-09,813.43
O01834,C0390,2025-04-20,20,Hyderabad,P06,Sports,CMP04,New Customer Offer,Social Media,1,1595.44,0.1,1435.9,1,1,2025-04,1435.9
O01835,C0483,2025-08-04,56,Pune,P06,Sports,CMP02,Festival Offer,SMS,1,1390.18,0.1,1251.16,0,0,2025-08,1251.16
O01836,C0439,2025-10-31,28,Kolkata,P01,Electronics,CMP03,Loyalty Rewards,App,2,4235.63,0.15,7200.57,0,0,2025-10,7200.57
O01837,C0442,2025-03-19,39,Pune,P02,Home,CMP03,Loyalty Rewards,App,5,1742.73,0.05,8277.97,0,0,2025-03,8277.97
O01838,C0081,2025-11-30,41,Chennai,P04,Beauty,CMP02,Festival Offer,SMS,2,748.68,0.1,1347.62,0,0,2025-11,1347.62
O01839,C0496,2025-05-16,35,Chennai,P06,Sports,CMP01,Summer Sale,Email,1,1963.71,0.1,1767.34,0,0,2025-05,1767.34
O01840,C0148,2025-05-27,46,Hyderabad,P05,Grocery,CMP01,Summer Sale,Email,1,594.11,0.0,594.11,0,0,2025-05,594.11
O01841,C0537,2025-11-25,57,Hyderabad,P06,Sports,CMP04,New Customer Offer,Social Media,2,1403.62,0.0,2807.24,0,0,2025-11,2807.24
O01842,C0368,2025-08-23,30,Kolkata,P05,Grocery,CMP02,Festival Offer,SMS,1,647.24,0.0,647.24,1,0,2025-08,647.24
O01843,C0404,2025-12-30,60,Delhi,P05,Grocery,CMP06,Win Back Campaign,SMS,3,710.3,0.05,2024.35,0,0,2025-12,2024.35
O01844,C0321,2025-11-18,55,Chennai,P06,Sports,CMP04,New Customer Offer,Social Media,4,1411.18,0.1,5080.25,0,0,2025-11,5080.25
O01845,C0593,2025-03-19,42,Bengaluru,P04,Beauty,CMP04,New Customer Offer,Social Media,5,903.08,0.1,4063.86,1,1,2025-03,4063.86
O01846,C0188,2025-09-14,56,Bengaluru,P04,Beauty,CMP05,Weekend Flash Sale,Email,2,798.19,0.0,1596.38,0,0,2025-09,1596.38
O01847,C0143,2025-06-01,48,Mumbai,P02,Home,CMP06,Win Back Campaign,SMS,2,1745.24,0.0,3490.48,1,0,2025-06,3490.48
O01848,C0568,2025-05-17,22,Mumbai,P03,Fashion,CMP03,Loyalty Rewards,App,4,1366.3,0.0,5465.2,1,0,2025-05,5465.2
O01849,C0430,2025-03-21,40,Chennai,P06,Sports,CMP01,Summer Sale,Email,13,1611.59,0.0,20950.67,0,0,2025-03,20950.67
O01850,C0006,2025-08-05,25,Kolkata,P05,Grocery,CMP03,Loyalty Rewards,App,1,783.96,0.05,744.76,1,0,2025-08,744.76
O01851,C0006,2025-01-14,59,Chennai,P06,Sports,CMP05,Weekend Flash Sale,Email,4,1356.66,0.0,5426.64,0,0,2025-01,5426.64
O01852,C0623,2025-10-20,48,Chennai,P05,Grocery,CMP02,Festival Offer,SMS,7,792.7,0.0,5548.9,0,0,2025-10,5548.9
O01853,C0607,2025-08-31,49,Hyderabad,P03,Fashion,CMP06,Win Back Campaign,SMS,2,1280.19,0.05,2432.36,0,0,2025-08,2432.36
O01854,C0304,2025-05-06,28,Patna,P06,Sports,CMP03,Loyalty Rewards,App,2,1766.92,0.1,3180.46,0,0,2025-05,3180.46
O01855,C0412,2025-12-04,60,Kolkata,P06,Sports,CMP03,Loyalty Rewards,App,4,1467.77,0.0,5871.08,0,0,2025-12,5871.08
O01856,C0060,2025-09-22,57,Pune,P03,Fashion,CMP03,Loyalty Rewards,App,5,1253.36,0.0,6266.8,1,1,2025-09,6266.8
O01857,C0474,2025-09-09,51,Pune,P06,Sports,CMP03,Loyalty Rewards,App,1,1575.14,0.2,1260.11,0,0,2025-09,1260.11
O01858,C0136,2025-10-02,43,Pune,P02,Home,CMP01,Summer Sale,Email,1,1404.13,0.15,1193.51,0,0,2025-10,1193.51
O01859,C0173,2025-04-10,42,Chennai,P06,Sports,CMP04,New Customer Offer,Social Media,4,1340.46,0.0,5361.84,1,1,2025-04,5361.84
O01860,C0566,2025-11-09,53,Pune,P01,Electronics,CMP04,New Customer Offer,Social Media,4,3699.11,0.05,14056.62,1,1,2025-11,14056.62
O01861,C0313,2025-06-07,52,Chennai,P05,Grocery,CMP06,Win Back Campaign,SMS,2,636.57,0.15,1082.17,0,0,2025-06,1082.17
O01862,C0315,2025-11-12,52,Pune,P03,Fashion,CMP03,Loyalty Rewards,App,1,975.06,0.05,926.31,0,0,2025-11,926.31
O01863,C0051,2025-11-28,46,Bengaluru,P02,Home,CMP02,Festival Offer,SMS,2,1866.61,0.0,3733.22,0,0,2025-11,3733.22
O01864,C0426,2025-11-27,51,Kolkata,P03,Fashion,CMP04,New Customer Offer,Social Media,1,1308.83,0.0,1308.83,0,0,2025-11,1308.83
O01865,C0059,2025-09-24,25,Chennai,P05,Grocery,CMP01,Summer Sale,Email,2,583.08,0.0,1166.16,0,0,2025-09,1166.16
O01866,C0396,2025-12-17,29,Hyderabad,P03,Fashion,CMP03,Loyalty Rewards,App,4,999.09,0.1,3596.72,0,0,2025-12,3596.72
O01867,C0569,2025-03-08,30,Pune,P05,Grocery,CMP04,New Customer Offer,Social Media,5,751.87,0.1,3383.42,0,0,2025-03,3383.42
O01868,C0458,2025-09-06,38,Patna,P02,Home,CMP03,Loyalty Rewards,App,1,2073.82,0.0,2073.82,0,0,2025-09,2073.82
O01869,C0403,2025-05-17,27,Kolkata,P04,Beauty,CMP01,Summer Sale,Email,3,1034.08,0.05,2947.13,1,1,2025-05,2947.13
O01870,C0572,2025-08-06,53,Delhi,P06,Sports,CMP01,Summer Sale,Email,8,1611.77,0.0,12894.16,1,1,2025-08,12894.16
O01871,C0556,2025-05-18,38,Hyderabad,P01,Electronics,CMP06,Win Back Campaign,SMS,1,3816.13,0.1,3434.52,0,0,2025-05,3434.52
O01872,C0468,2025-10-21,54,Kolkata,P03,Fashion,CMP06,Win Back Campaign,SMS,4,1220.62,0.1,4394.23,0,0,2025-10,4394.23
O01873,C0258,2025-04-20,44,Delhi,P02,Home,CMP02,Festival Offer,SMS,2,1982.02,0.15,3369.43,0,0,2025-04,3369.43
O01874,C0578,2025-02-05,38,Mumbai,P01,Electronics,CMP05,Weekend Flash Sale,Email,2,4418.17,0.2,7069.07,1,1,2025-02,7069.07
O01875,C0056,2025-01-02,54,Pune,P06,Sports,CMP03,Loyalty Rewards,App,2,1410.34,0.0,2820.68,1,1,2025-01,2820.68
O01876,C0207,2025-09-15,20,Mumbai,P05,Grocery,CMP03,Loyalty Rewards,App,1,509.19,0.1,458.27,0,0,2025-09,458.27
O01877,C0211,2025-03-30,47,Mumbai,P05,Grocery,CMP06,Win Back Campaign,SMS,2,661.03,0.1,1189.85,0,0,2025-03,1189.85
O01878,C0215,2025-07-29,57,Mumbai,P04,Beauty,CMP01,Summer Sale,Email,6,1104.04,0.0,6624.24,0,0,2025-07,6624.24
O01879,C0054,2025-02-18,21,Patna,P04,Beauty,CMP01,Summer Sale,Email,1,1013.76,0.05,963.07,1,1,2025-02,963.07
O01880,C0557,2025-04-12,35,Bengaluru,P02,Home,CMP03,Loyalty Rewards,App,7,1934.59,0.1,12187.92,1,1,2025-04,12187.92
O01881,C0264,2025-11-29,44,Chennai,P06,Sports,CMP01,Summer Sale,Email,2,1245.48,0.1,2241.86,1,0,2025-11,2241.86
O01882,C0517,2025-08-31,40,Hyderabad,P01,Electronics,CMP04,New Customer Offer,Social Media,3,4480.35,0.05,12769.0,1,0,2025-08,12769.0
O01883,C0044,2025-11-25,49,Kolkata,P06,Sports,CMP01,Summer Sale,Email,2,1814.06,0.2,2902.5,0,0,2025-11,2902.5
O01884,C0642,2025-09-11,55,Kolkata,P06,Sports,CMP02,Festival Offer,SMS,1,1906.4,0.2,1525.12,0,0,2025-09,1525.12
O01885,C0616,2025-12-31,42,Delhi,P02,Home,CMP05,Weekend Flash Sale,Email,2,1872.55,0.0,3745.1,0,0,2025-12,3745.1
O01886,C0345,2025-02-05,21,Patna,P05,Grocery,CMP02,Festival Offer,SMS,3,635.96,0.05,1812.49,0,0,2025-02,1812.49
O01887,C0080,2025-10-22,40,Kolkata,P04,Beauty,CMP05,Weekend Flash Sale,Email,2,805.55,0.15,1369.44,0,0,2025-10,1369.44
O01888,C0286,2025-12-13,51,Hyderabad,P05,Grocery,CMP01,Summer Sale,Email,1,493.43,0.1,444.09,1,1,2025-12,444.09
O01889,C0250,2025-12-09,20,Mumbai,P01,Electronics,CMP01,Summer Sale,Email,4,4176.47,0.0,16705.88,0,0,2025-12,16705.88
O01890,C0361,2025-10-10,29,Bengaluru,P02,Home,CMP02,Festival Offer,SMS,5,1732.07,0.1,7794.32,0,0,2025-10,7794.32
O01891,C0504,2025-07-03,29,Pune,P06,Sports,CMP02,Festival Offer,SMS,2,1200.89,0.0,2401.78,1,1,2025-07,2401.78
O01892,C0267,2025-12-02,43,Bengaluru,P05,Grocery,CMP05,Weekend Flash Sale,Email,1,578.4,0.0,578.4,0,0,2025-12,578.4
O01893,C0607,2025-12-29,46,Hyderabad,P04,Beauty,CMP03,Loyalty Rewards,App,1,810.94,0.0,810.94,0,0,2025-12,810.94
O01894,C0349,2025-05-05,29,Pune,P02,Home,CMP02,Festival Offer,SMS,4,1693.54,0.05,6435.45,1,1,2025-05,6435.45
O01895,C0212,2025-09-11,32,Patna,P03,Fashion,CMP01,Summer Sale,Email,2,1280.99,0.0,2561.98,0,0,2025-09,2561.98
O01896,C0427,2025-02-11,52,Chennai,P01,Electronics,CMP04,New Customer Offer,Social Media,1,3436.84,0.0,3436.84,0,0,2025-02,3436.84
O01897,C0595,2025-03-06,51,Kolkata,P04,Beauty,CMP06,Win Back Campaign,SMS,3,839.99,0.2,2015.98,1,1,2025-03,2015.98
O01898,C0566,2025-04-12,24,Chennai,P04,Beauty,CMP04,New Customer Offer,Social Media,5,1033.31,0.05,4908.22,1,1,2025-04,4908.22
O01899,C0616,2025-01-21,45,Hyderabad,P06,Sports,CMP05,Weekend Flash Sale,Email,2,1405.97,0.1,2530.75,1,0,2025-01,2530.75
O01900,C0415,2025-02-04,21,Patna,P05,Grocery,CMP05,Weekend Flash Sale,Email,2,723.46,0.1,1302.23,0,0,2025-02,1302.23
O01901,C0153,2025-08-05,49,Delhi,P04,Beauty,CMP02,Festival Offer,SMS,1,968.06,0.1,871.25,1,0,2025-08,871.25
O01902,C0642,2025-07-10,23,Chennai,P02,Home,CMP02,Festival Offer,SMS,1,1849.76,0.1,1664.78,0,0,2025-07,1664.78
O01903,C0502,2025-03-19,49,Pune,P05,Grocery,CMP01,Summer Sale,Email,2,692.68,0.0,1385.36,0,0,2025-03,1385.36
O01904,C0050,2025-03-18,39,Kolkata,P01,Electronics,CMP01,Summer Sale,Email,1,3708.97,0.15,3152.62,0,0,2025-03,3152.62
O01905,C0482,2025-12-28,48,Patna,P05,Grocery,CMP06,Win Back Campaign,SMS,4,572.68,0.05,2176.18,1,1,2025-12,2176.18
O01906,C0335,2025-10-12,24,Delhi,P05,Grocery,CMP04,New Customer Offer,Social Media,5,715.91,0.1,3221.6,0,0,2025-10,3221.6
O01907,C0612,2025-01-10,28,Chennai,P02,Home,CMP02,Festival Offer,SMS,3,1852.81,0.05,5280.51,1,1,2025-01,5280.51
O01908,C0357,2025-12-12,44,Mumbai,P05,Grocery,CMP02,Festival Offer,SMS,3,788.18,0.0,2364.54,0,0,2025-12,2364.54
O01909,C0504,2025-04-22,60,Mumbai,P02,Home,CMP02,Festival Offer,SMS,4,1934.36,0.05,7350.57,0,0,2025-04,7350.57
O01910,C0156,2025-01-17,54,Kolkata,P06,Sports,CMP02,Festival Offer,SMS,2,1340.71,0.05,2547.35,0,0,2025-01,2547.35
O01911,C0010,2025-02-11,28,Hyderabad,P04,Beauty,CMP06,Win Back Campaign,SMS,1,1186.14,0.2,948.91,0,0,2025-02,948.91
O01912,C0136,2025-07-11,31,Hyderabad,P05,Grocery,CMP05,Weekend Flash Sale,Email,5,551.71,0.15,2344.77,0,0,2025-07,2344.77
O01913,C0435,2025-01-24,20,Kolkata,P01,Electronics,CMP02,Festival Offer,SMS,2,3659.11,0.2,5854.58,1,1,2025-01,5854.58
O01914,C0141,2025-06-17,25,Bengaluru,P05,Grocery,CMP05,Weekend Flash Sale,Email,2,692.26,0.15,1176.84,1,1,2025-06,1176.84
O01915,C0137,2025-10-21,29,Kolkata,P04,Beauty,CMP03,Loyalty Rewards,App,5,1047.93,0.0,5239.65,1,1,2025-10,5239.65
O01916,C0590,2025-12-05,20,Pune,P01,Electronics,CMP06,Win Back Campaign,SMS,6,4852.12,0.05,27657.08,0,0,2025-12,27657.08
O01917,C0048,2025-07-08,49,Hyderabad,P04,Beauty,CMP02,Festival Offer,SMS,4,973.71,0.1,3505.36,0,0,2025-07,3505.36
O01918,C0261,2025-01-18,58,Pune,P01,Electronics,CMP01,Summer Sale,Email,1,4642.15,0.05,4410.04,0,0,2025-01,4410.04
O01919,C0133,2025-01-09,55,Mumbai,P03,Fashion,CMP05,Weekend Flash Sale,Email,1,1463.22,0.15,1243.74,1,1,2025-01,1243.74
O01920,C0540,2025-07-13,50,Patna,P01,Electronics,CMP04,New Customer Offer,Social Media,5,3577.52,0.0,17887.6,0,0,2025-07,17887.6
O01921,C0136,2025-09-25,44,Bengaluru,P03,Fashion,CMP02,Festival Offer,SMS,2,1179.73,0.2,1887.57,0,0,2025-09,1887.57
O01922,C0443,2025-03-14,41,Patna,P03,Fashion,CMP02,Festival Offer,SMS,3,1174.09,0.15,2993.93,0,0,2025-03,2993.93
O01923,C0255,2025-08-09,49,Patna,P01,Electronics,CMP01,Summer Sale,Email,1,5147.28,0.0,5147.28,0,0,2025-08,5147.28
O01924,C0583,2025-08-11,45,Pune,P06,Sports,CMP06,Win Back Campaign,SMS,3,1879.72,0.2,4511.33,0,0,2025-08,4511.33
O01925,C0439,2025-11-14,55,Mumbai,P06,Sports,CMP04,New Customer Offer,Social Media,1,1946.74,0.15,1654.73,0,0,2025-11,1654.73
O01926,C0120,2025-12-22,53,Kolkata,P04,Beauty,CMP05,Weekend Flash Sale,Email,4,773.26,0.1,2783.74,1,1,2025-12,2783.74
O01927,C0339,2025-12-15,23,Delhi,P03,Fashion,CMP04,New Customer Offer,Social Media,1,956.27,0.05,908.46,1,1,2025-12,908.46
O01928,C0339,2025-10-15,59,Hyderabad,P04,Beauty,CMP01,Summer Sale,Email,2,721.3,0.1,1298.34,0,0,2025-10,1298.34
O01929,C0616,2025-01-21,50,Hyderabad,P03,Fashion,CMP06,Win Back Campaign,SMS,5,975.02,0.0,4875.1,1,0,2025-01,4875.1
O01930,C0269,2025-11-20,24,Pune,P04,Beauty,CMP03,Loyalty Rewards,App,3,782.6,0.0,2347.8,1,0,2025-11,2347.8
O01931,C0441,2025-09-24,33,Hyderabad,P03,Fashion,CMP05,Weekend Flash Sale,Email,5,1014.86,0.1,4566.87,1,1,2025-09,4566.87
O01932,C0094,2025-01-04,41,Patna,P02,Home,CMP01,Summer Sale,Email,4,1926.65,0.0,7706.6,1,1,2025-01,7706.6
O01933,C0186,2025-07-16,31,Hyderabad,P04,Beauty,CMP03,Loyalty Rewards,App,2,1132.76,0.0,2265.52,0,0,2025-07,2265.52
O01934,C0340,2025-03-02,23,Bengaluru,P06,Sports,CMP03,Loyalty Rewards,App,3,1289.7,0.1,3482.19,0,0,2025-03,3482.19
O01935,C0353,2025-08-28,60,Pune,P06,Sports,CMP03,Loyalty Rewards,App,1,1276.99,0.1,1149.29,0,0,2025-08,1149.29
O01936,C0641,2025-06-07,57,Patna,P01,Electronics,CMP01,Summer Sale,Email,3,3383.12,0.05,9641.89,1,1,2025-06,9641.89
O01937,C0207,2025-07-15,48,Kolkata,P06,Sports,CMP06,Win Back Campaign,SMS,3,1606.95,0.1,4338.77,0,0,2025-07,4338.77
O01938,C0511,2025-11-22,51,Chennai,P03,Fashion,CMP05,Weekend Flash Sale,Email,1,941.02,0.1,846.92,0,0,2025-11,846.92
O01939,C0052,2025-10-27,35,Chennai,P06,Sports,CMP05,Weekend Flash Sale,Email,4,1944.7,0.0,7778.8,0,0,2025-10,7778.8
O01940,C0128,2025-01-15,57,Kolkata,P02,Home,CMP06,Win Back Campaign,SMS,4,2037.95,0.1,7336.62,0,0,2025-01,7336.62
O01941,C0641,2025-01-04,25,Chennai,P06,Sports,CMP01,Summer Sale,Email,6,1508.24,0.1,8144.5,1,1,2025-01,8144.5
O01942,C0256,2025-04-23,28,Patna,P01,Electronics,CMP05,Weekend Flash Sale,Email,3,3736.75,0.0,11210.25,1,0,2025-04,11210.25
O01943,C0496,2025-10-28,38,Chennai,P03,Fashion,CMP05,Weekend Flash Sale,Email,4,1079.12,0.15,3669.01,1,0,2025-10,3669.01
O01944,C0568,2025-07-09,21,Patna,P05,Grocery,CMP04,New Customer Offer,Social Media,1,664.56,0.1,598.1,0,0,2025-07,598.1
O01945,C0457,2025-03-03,24,Chennai,P01,Electronics,CMP03,Loyalty Rewards,App,3,4602.25,0.05,13116.41,0,0,2025-03,13116.41
O01946,C0298,2025-01-19,57,Mumbai,P04,Beauty,CMP03,Loyalty Rewards,App,1,948.46,0.15,806.19,1,0,2025-01,806.19
O01947,C0172,2025-11-29,51,Pune,P02,Home,CMP04,New Customer Offer,Social Media,2,1862.28,0.05,3538.33,1,0,2025-11,3538.33
O01948,C0514,2025-05-22,44,Chennai,P03,Fashion,CMP04,New Customer Offer,Social Media,1,1130.92,0.15,961.28,1,1,2025-05,961.28
O01949,C0144,2025-07-05,31,Kolkata,P03,Fashion,CMP03,Loyalty Rewards,App,3,1070.06,0.0,3210.18,0,0,2025-07,3210.18
O01950,C0594,2025-12-17,29,Kolkata,P05,Grocery,CMP04,New Customer Offer,Social Media,2,660.65,0.0,1321.3,0,0,2025-12,1321.3
O01951,C0030,2025-12-20,21,Kolkata,P05,Grocery,CMP04,New Customer Offer,Social Media,1,618.56,0.1,556.7,0,0,2025-12,556.7
O01952,C0393,2025-08-22,53,Hyderabad,P03,Fashion,CMP04,New Customer Offer,Social Media,5,1324.15,0.1,5958.68,0,0,2025-08,5958.68
O01953,C0330,2025-06-27,53,Bengaluru,P06,Sports,CMP02,Festival Offer,SMS,5,1911.71,0.15,8124.77,0,0,2025-06,8124.77
O01954,C0019,2025-01-02,20,Delhi,P05,Grocery,CMP02,Festival Offer,SMS,5,495.94,0.05,2355.71,0,0,2025-01,2355.71
O01955,C0583,2025-10-07,36,Kolkata,P04,Beauty,CMP06,Win Back Campaign,SMS,2,804.96,0.05,1529.42,1,1,2025-10,1529.42
O01956,C0181,2025-03-11,29,Delhi,P04,Beauty,CMP01,Summer Sale,Email,5,1165.3,0.0,5826.5,0,0,2025-03,5826.5
O01957,C0359,2025-07-15,41,Delhi,P03,Fashion,CMP02,Festival Offer,SMS,8,1481.04,0.1,10663.49,0,0,2025-07,10663.49
O01958,C0274,2025-06-08,53,Chennai,P01,Electronics,CMP01,Summer Sale,Email,4,3699.8,0.15,12579.32,0,0,2025-06,12579.32
O01959,C0074,2025-04-07,51,Hyderabad,P04,Beauty,CMP06,Win Back Campaign,SMS,2,996.26,0.15,1693.64,1,1,2025-04,1693.64
O01960,C0429,2025-05-08,26,Delhi,P03,Fashion,CMP06,Win Back Campaign,SMS,2,1095.53,0.0,2191.06,0,0,2025-05,2191.06
O01961,C0524,2025-12-13,46,Delhi,P04,Beauty,CMP01,Summer Sale,Email,2,1104.98,0.1,1988.96,0,0,2025-12,1988.96
O01962,C0497,2025-10-29,35,Mumbai,P03,Fashion,CMP02,Festival Offer,SMS,2,975.01,0.0,1950.02,0,0,2025-10,1950.02
O01963,C0334,2025-12-08,50,Delhi,P03,Fashion,CMP03,Loyalty Rewards,App,1,1312.29,0.1,1181.06,0,0,2025-12,1181.06
O01964,C0070,2025-04-15,23,Bengaluru,P01,Electronics,CMP05,Weekend Flash Sale,Email,1,4277.59,0.15,3635.95,1,1,2025-04,3635.95
O01965,C0295,2025-09-26,36,Hyderabad,P02,Home,CMP06,Win Back Campaign,SMS,3,1968.86,0.05,5611.25,0,0,2025-09,5611.25
O01966,C0383,2025-06-22,55,Bengaluru,P05,Grocery,CMP03,Loyalty Rewards,App,3,734.07,0.2,1761.77,0,0,2025-06,1761.77
O01967,C0413,2025-08-18,21,Pune,P03,Fashion,CMP05,Weekend Flash Sale,Email,2,1343.13,0.0,2686.26,0,0,2025-08,2686.26
O01968,C0616,2025-09-29,48,Delhi,P03,Fashion,CMP05,Weekend Flash Sale,Email,1,1017.79,0.0,1017.79,0,0,2025-09,1017.79
O01969,C0361,2025-12-23,41,Patna,P01,Electronics,CMP03,Loyalty Rewards,App,2,5053.39,0.1,9096.1,0,0,2025-12,9096.1
O01970,C0285,2025-04-06,41,Delhi,P05,Grocery,CMP05,Weekend Flash Sale,Email,4,790.73,0.15,2688.48,0,0,2025-04,2688.48
O01971,C0017,2025-09-07,46,Pune,P06,Sports,CMP02,Festival Offer,SMS,3,1900.57,0.05,5416.62,0,0,2025-09,5416.62
O01972,C0480,2025-07-24,44,Mumbai,P03,Fashion,CMP03,Loyalty Rewards,App,2,1019.46,0.05,1936.97,0,0,2025-07,1936.97
O01973,C0197,2025-02-07,20,Patna,P05,Grocery,CMP04,New Customer Offer,Social Media,3,651.89,0.0,1955.67,1,1,2025-02,1955.67
O01974,C0075,2025-09-25,30,Chennai,P05,Grocery,CMP03,Loyalty Rewards,App,11,658.75,0.1,6521.62,1,1,2025-09,6521.62
O01975,C0480,2025-10-17,31,Bengaluru,P03,Fashion,CMP02,Festival Offer,SMS,8,1161.65,0.05,8828.54,0,0,2025-10,8828.54
O01976,C0055,2025-07-17,29,Kolkata,P02,Home,CMP05,Weekend Flash Sale,Email,1,2114.6,0.05,2008.87,0,0,2025-07,2008.87
O01977,C0370,2025-12-21,28,Hyderabad,P01,Electronics,CMP02,Festival Offer,SMS,1,3243.21,0.1,2918.89,0,0,2025-12,2918.89
O01978,C0242,2025-10-26,20,Pune,P01,Electronics,CMP02,Festival Offer,SMS,11,4423.26,0.0,48655.86,0,0,2025-10,48655.86
O01979,C0002,2025-01-01,21,Mumbai,P06,Sports,CMP04,New Customer Offer,Social Media,1,1595.91,0.15,1356.52,0,0,2025-01,1356.52
O01980,C0399,2025-07-07,53,Kolkata,P02,Home,CMP04,New Customer Offer,Social Media,6,1496.23,0.0,8977.38,0,0,2025-07,8977.38
O01981,C0024,2025-02-25,39,Delhi,P06,Sports,CMP03,Loyalty Rewards,App,4,1715.61,0.1,6176.2,0,0,2025-02,6176.2
O01982,C0633,2025-05-11,40,Delhi,P01,Electronics,CMP03,Loyalty Rewards,App,1,4677.01,0.0,4677.01,1,1,2025-05,4677.01
O01983,C0414,2025-06-29,44,Hyderabad,P02,Home,CMP05,Weekend Flash Sale,Email,1,1955.17,0.05,1857.41,0,0,2025-06,1857.41
O01984,C0574,2025-10-16,33,Delhi,P04,Beauty,CMP05,Weekend Flash Sale,Email,2,776.82,0.15,1320.59,1,0,2025-10,1320.59
O01985,C0055,2025-11-17,32,Mumbai,P05,Grocery,CMP05,Weekend Flash Sale,Email,3,691.38,0.15,1763.02,0,0,2025-11,1763.02
O01986,C0560,2025-08-05,60,Bengaluru,P01,Electronics,CMP02,Festival Offer,SMS,2,5008.24,0.15,8514.01,1,0,2025-08,8514.01
O01987,C0113,2025-02-28,23,Kolkata,P03,Fashion,CMP04,New Customer Offer,Social Media,1,900.99,0.15,765.84,1,1,2025-02,765.84
O01988,C0223,2025-06-18,29,Patna,P03,Fashion,CMP01,Summer Sale,Email,8,1447.11,0.15,9840.35,0,0,2025-06,9840.35
O01989,C0031,2025-03-12,44,Pune,P02,Home,CMP04,New Customer Offer,Social Media,2,1953.14,0.0,3906.28,1,1,2025-03,3906.28
O01990,C0026,2025-11-19,25,Pune,P03,Fashion,CMP06,Win Back Campaign,SMS,4,1172.03,0.0,4688.12,1,0,2025-11,4688.12
O01991,C0463,2025-10-09,48,Patna,P06,Sports,CMP01,Summer Sale,Email,2,1245.29,0.0,2490.58,0,0,2025-10,2490.58
O01992,C0454,2025-10-02,42,Pune,P03,Fashion,CMP02,Festival Offer,SMS,1,1290.56,0.0,1290.56,1,1,2025-10,1290.56
O01993,C0304,2025-07-22,58,Chennai,P02,Home,CMP01,Summer Sale,Email,2,1987.13,0.05,3775.55,0,0,2025-07,3775.55
O01994,C0138,2025-11-04,23,Patna,P05,Grocery,CMP02,Festival Offer,SMS,1,660.45,0.2,528.36,0,0,2025-11,528.36
O01995,C0335,2025-04-30,56,Bengaluru,P03,Fashion,CMP04,New Customer Offer,Social Media,1,931.8,0.1,838.62,0,0,2025-04,838.62
O01996,C0647,2025-10-05,51,Kolkata,P03,Fashion,CMP05,Weekend Flash Sale,Email,3,941.05,0.0,2823.15,1,0,2025-10,2823.15
O01997,C0324,2025-05-08,45,Kolkata,P01,Electronics,CMP01,Summer Sale,Email,2,4355.9,0.0,8711.8,0,0,2025-05,8711.8
O01998,C0282,2025-04-13,54,Pune,P01,Electronics,CMP06,Win Back Campaign,SMS,1,4330.77,0.0,4330.77,0,0,2025-04,4330.77
O01999,C0179,2025-07-27,44,Pune,P03,Fashion,CMP04,New Customer Offer,Social Media,2,950.31,0.1,1710.56,0,0,2025-07,1710.56
O02000,C0369,2025-06-30,25,Chennai,P02,Home,CMP03,Loyalty Rewards,App,4,1608.08,0.1,5789.09,0,0,2025-06,5789.09
O02001,C0154,2025-01-19,49,Chennai,P02,Home,CMP06,Win Back Campaign,SMS,1,1721.92,0.05,1635.82,0,0,2025-01,1635.82
O02002,C0562,2025-09-06,48,Patna,P05,Grocery,CMP04,New Customer Offer,Social Media,4,766.57,0.15,2606.34,1,0,2025-09,2606.34
O02003,C0470,2025-10-18,24,Bengaluru,P03,Fashion,CMP01,Summer Sale,Email,2,1097.14,0.0,2194.28,0,0,2025-10,2194.28
O02004,C0396,2025-02-03,24,Delhi,P06,Sports,CMP06,Win Back Campaign,SMS,8,1403.13,0.0,11225.04,0,0,2025-02,11225.04
O02005,C0258,2025-12-23,55,Kolkata,P02,Home,CMP03,Loyalty Rewards,App,1,1866.74,0.1,1680.07,0,0,2025-12,1680.07
O02006,C0368,2025-06-02,25,Chennai,P05,Grocery,CMP01,Summer Sale,Email,1,688.42,0.0,688.42,0,0,2025-06,688.42
O02007,C0065,2025-05-01,23,Chennai,P04,Beauty,CMP03,Loyalty Rewards,App,4,1084.94,0.1,3905.78,0,0,2025-05,3905.78
O02008,C0600,2025-05-30,31,Mumbai,P03,Fashion,CMP03,Loyalty Rewards,App,7,1358.97,0.0,9512.79,0,0,2025-05,9512.79
O02009,C0516,2025-11-23,21,Pune,P04,Beauty,CMP04,New Customer Offer,Social Media,1,1180.04,0.0,1180.04,1,1,2025-11,1180.04
O02010,C0342,2025-01-22,58,Patna,P02,Home,CMP05,Weekend Flash Sale,Email,1,1834.19,0.2,1467.35,0,0,2025-01,1467.35
O02011,C0495,2025-04-20,32,Bengaluru,P02,Home,CMP06,Win Back Campaign,SMS,2,1946.24,0.1,3503.23,0,0,2025-04,3503.23
O02012,C0358,2025-04-04,37,Hyderabad,P04,Beauty,CMP04,New Customer Offer,Social Media,7,857.29,0.0,6001.03,0,0,2025-04,6001.03
O02013,C0207,2025-11-13,44,Pune,P04,Beauty,CMP04,New Customer Offer,Social Media,1,1134.86,0.0,1134.86,0,0,2025-11,1134.86
O02014,C0056,2025-06-24,54,Bengaluru,P01,Electronics,CMP02,Festival Offer,SMS,4,3266.85,0.05,12414.03,1,1,2025-06,12414.03
O02015,C0405,2025-05-10,59,Chennai,P04,Beauty,CMP03,Loyalty Rewards,App,1,1186.83,0.05,1127.49,0,0,2025-05,1127.49
O02016,C0043,2025-09-22,20,Bengaluru,P03,Fashion,CMP05,Weekend Flash Sale,Email,3,938.71,0.0,2816.13,1,1,2025-09,2816.13
O02017,C0409,2025-06-26,30,Mumbai,P06,Sports,CMP03,Loyalty Rewards,App,1,1495.11,0.0,1495.11,0,0,2025-06,1495.11
O02018,C0545,2025-06-06,45,Pune,P03,Fashion,CMP06,Win Back Campaign,SMS,2,911.33,0.15,1549.26,0,0,2025-06,1549.26
O02019,C0254,2025-03-05,51,Mumbai,P03,Fashion,CMP05,Weekend Flash Sale,Email,4,937.6,0.1,3375.36,0,0,2025-03,3375.36
O02020,C0073,2025-01-09,48,Hyderabad,P02,Home,CMP01,Summer Sale,Email,4,1455.38,0.2,4657.22,0,0,2025-01,4657.22
O02021,C0355,2025-01-09,36,Mumbai,P04,Beauty,CMP01,Summer Sale,Email,2,743.33,0.0,1486.66,1,1,2025-01,1486.66
O02022,C0162,2025-09-23,30,Mumbai,P04,Beauty,CMP05,Weekend Flash Sale,Email,2,903.04,0.0,1806.08,0,0,2025-09,1806.08
O02023,C0488,2025-01-19,27,Pune,P06,Sports,CMP02,Festival Offer,SMS,1,1587.96,0.1,1429.16,0,0,2025-01,1429.16
O02024,C0345,2025-02-26,49,Chennai,P03,Fashion,CMP06,Win Back Campaign,SMS,7,1013.1,0.05,6737.12,0,0,2025-02,6737.12
O02025,C0304,2025-09-18,35,Hyderabad,P05,Grocery,CMP03,Loyalty Rewards,App,7,496.65,0.1,3128.9,1,1,2025-09,3128.9
O02026,C0610,2025-11-07,46,Bengaluru,P02,Home,CMP01,Summer Sale,Email,6,2227.21,0.05,12695.1,0,0,2025-11,12695.1
O02027,C0212,2025-12-08,34,Pune,P04,Beauty,CMP04,New Customer Offer,Social Media,1,1050.79,0.2,840.63,0,0,2025-12,840.63
O02028,C0041,2025-01-30,57,Pune,P01,Electronics,CMP03,Loyalty Rewards,App,7,4174.49,0.0,29221.43,1,0,2025-01,29221.43
O02029,C0499,2025-04-28,30,Patna,P01,Electronics,CMP05,Weekend Flash Sale,Email,2,3600.24,0.1,6480.43,0,0,2025-04,6480.43
O02030,C0513,2025-03-28,30,Delhi,P03,Fashion,CMP06,Win Back Campaign,SMS,2,1358.65,0.2,2173.84,1,1,2025-03,2173.84
O02031,C0137,2025-06-07,30,Chennai,P01,Electronics,CMP04,New Customer Offer,Social Media,3,4977.05,0.15,12691.48,0,0,2025-06,12691.48
O02032,C0532,2025-04-12,23,Pune,P05,Grocery,CMP03,Loyalty Rewards,App,3,632.45,0.05,1802.48,1,0,2025-04,1802.48
O02033,C0354,2025-08-28,31,Delhi,P06,Sports,CMP03,Loyalty Rewards,App,7,1227.47,0.05,8162.68,1,1,2025-08,8162.68
O02034,C0648,2025-10-15,57,Hyderabad,P04,Beauty,CMP04,New Customer Offer,Social Media,1,843.48,0.0,843.48,0,0,2025-10,843.48
O02035,C0222,2025-11-16,32,Chennai,P02,Home,CMP06,Win Back Campaign,SMS,2,1777.54,0.15,3021.82,0,0,2025-11,3021.82
O02036,C0275,2025-04-11,46,Delhi,P03,Fashion,CMP01,Summer Sale,Email,3,1121.54,0.1,3028.16,1,1,2025-04,3028.16
O02037,C0257,2025-04-12,23,Hyderabad,P01,Electronics,CMP02,Festival Offer,SMS,5,5123.85,0.0,25619.25,0,0,2025-04,25619.25
O02038,C0340,2025-02-26,57,Chennai,P05,Grocery,CMP02,Festival Offer,SMS,1,629.95,0.0,629.95,0,0,2025-02,629.95
O02039,C0311,2025-06-13,39,Hyderabad,P06,Sports,CMP05,Weekend Flash Sale,Email,1,1844.84,0.15,1568.11,1,1,2025-06,1568.11
O02040,C0068,2025-05-14,54,Pune,P01,Electronics,CMP01,Summer Sale,Email,5,4515.23,0.05,21447.34,1,0,2025-05,21447.34
O02041,C0618,2025-12-07,53,Kolkata,P04,Beauty,CMP04,New Customer Offer,Social Media,1,719.5,0.05,683.52,0,0,2025-12,683.52
O02042,C0340,2025-07-12,22,Kolkata,P02,Home,CMP04,New Customer Offer,Social Media,2,2192.54,0.1,3946.57,1,1,2025-07,3946.57
O02043,C0326,2025-09-13,26,Hyderabad,P06,Sports,CMP01,Summer Sale,Email,3,1738.63,0.0,5215.89,0,0,2025-09,5215.89
O02044,C0545,2025-01-18,60,Patna,P05,Grocery,CMP03,Loyalty Rewards,App,8,774.96,0.1,5579.71,0,0,2025-01,5579.71
O02045,C0026,2025-12-20,34,Mumbai,P02,Home,CMP02,Festival Offer,SMS,6,2167.3,0.1,11703.42,0,0,2025-12,11703.42
O02046,C0266,2025-10-31,48,Kolkata,P02,Home,CMP02,Festival Offer,SMS,9,1478.82,0.0,13309.38,1,0,2025-10,13309.38
O02047,C0571,2025-01-31,58,Mumbai,P03,Fashion,CMP05,Weekend Flash Sale,Email,1,1003.93,0.0,1003.93,0,0,2025-01,1003.93
O02048,C0432,2025-01-13,54,Mumbai,P06,Sports,CMP05,Weekend Flash Sale,Email,1,1969.41,0.15,1674.0,1,0,2025-01,1674.0
O02049,C0146,2025-01-07,60,Patna,P02,Home,CMP05,Weekend Flash Sale,Email,4,1859.54,0.1,6694.34,1,1,2025-01,6694.34
O02050,C0054,2025-07-05,43,Bengaluru,P04,Beauty,CMP05,Weekend Flash Sale,Email,4,1125.77,0.1,4052.77,0,0,2025-07,4052.77
O02051,C0540,2025-05-14,22,Patna,P03,Fashion,CMP01,Summer Sale,Email,4,1228.35,0.05,4667.73,1,0,2025-05,4667.73
O02052,C0515,2025-05-30,38,Delhi,P06,Sports,CMP05,Weekend Flash Sale,Email,1,1867.6,0.0,1867.6,0,0,2025-05,1867.6
O02053,C0311,2025-08-06,55,Delhi,P02,Home,CMP01,Summer Sale,Email,2,2239.31,0.05,4254.69,1,1,2025-08,4254.69
O02054,C0281,2025-04-27,57,Patna,P05,Grocery,CMP03,Loyalty Rewards,App,1,664.33,0.0,664.33,1,0,2025-04,664.33
O02055,C0134,2025-12-04,25,Delhi,P03,Fashion,CMP05,Weekend Flash Sale,Email,1,937.16,0.0,937.16,0,0,2025-12,937.16
O02056,C0557,2025-04-17,28,Hyderabad,P05,Grocery,CMP05,Weekend Flash Sale,Email,6,508.51,0.1,2745.95,0,0,2025-04,2745.95
O02057,C0417,2025-04-09,26,Bengaluru,P02,Home,CMP04,New Customer Offer,Social Media,2,1671.35,0.05,3175.56,0,0,2025-04,3175.56
O02058,C0167,2025-08-06,41,Chennai,P01,Electronics,CMP03,Loyalty Rewards,App,2,3266.13,0.15,5552.42,1,1,2025-08,5552.42
O02059,C0602,2025-11-22,23,Bengaluru,P05,Grocery,CMP04,New Customer Offer,Social Media,1,525.7,0.1,473.13,0,0,2025-11,473.13
O02060,C0038,2025-05-26,52,Patna,P05,Grocery,CMP03,Loyalty Rewards,App,5,491.83,0.1,2213.24,1,0,2025-05,2213.24
O02061,C0392,2025-07-14,25,Patna,P06,Sports,CMP04,New Customer Offer,Social Media,3,1823.41,0.05,5196.72,1,1,2025-07,5196.72
O02062,C0533,2025-05-25,24,Pune,P05,Grocery,CMP01,Summer Sale,Email,5,654.89,0.1,2947.0,0,0,2025-05,2947.0
O02063,C0474,2025-06-22,48,Chennai,P01,Electronics,CMP01,Summer Sale,Email,2,3308.83,0.05,6286.78,1,0,2025-06,6286.78
O02064,C0411,2025-09-22,46,Mumbai,P05,Grocery,CMP03,Loyalty Rewards,App,2,688.57,0.0,1377.14,0,0,2025-09,1377.14
O02065,C0237,2025-07-02,23,Kolkata,P03,Fashion,CMP02,Festival Offer,SMS,2,1299.24,0.1,2338.63,0,0,2025-07,2338.63
O02066,C0278,2025-05-09,31,Pune,P04,Beauty,CMP05,Weekend Flash Sale,Email,1,869.45,0.1,782.51,0,0,2025-05,782.51
O02067,C0594,2025-12-08,42,Mumbai,P05,Grocery,CMP02,Festival Offer,SMS,4,738.28,0.1,2657.81,0,0,2025-12,2657.81
O02068,C0549,2025-02-23,21,Chennai,P02,Home,CMP04,New Customer Offer,Social Media,2,1943.11,0.15,3303.29,0,0,2025-02,3303.29
O02069,C0513,2025-03-28,30,Delhi,P03,Fashion,CMP03,Loyalty Rewards,App,4,1475.66,0.15,5017.24,0,0,2025-03,5017.24
O02070,C0214,2025-09-13,22,Bengaluru,P04,Beauty,CMP04,New Customer Offer,Social Media,8,1182.92,0.1,8517.02,1,1,2025-09,8517.02
O02071,C0247,2025-04-04,48,Chennai,P02,Home,CMP01,Summer Sale,Email,3,1859.25,0.15,4741.09,1,1,2025-04,4741.09
O02072,C0233,2025-06-07,25,Hyderabad,P03,Fashion,CMP04,New Customer Offer,Social Media,4,1359.16,0.05,5164.81,0,0,2025-06,5164.81
O02073,C0040,2025-12-18,60,Bengaluru,P02,Home,CMP05,Weekend Flash Sale,Email,5,1707.52,0.2,6830.08,0,0,2025-12,6830.08
O02074,C0205,2025-05-04,31,Chennai,P03,Fashion,CMP02,Festival Offer,SMS,3,1011.44,0.0,3034.32,0,0,2025-05,3034.32
O02075,C0072,2025-01-07,36,Bengaluru,P02,Home,CMP06,Win Back Campaign,SMS,4,1787.69,0.1,6435.68,0,0,2025-01,6435.68
O02076,C0183,2025-12-23,37,Chennai,P01,Electronics,CMP04,New Customer Offer,Social Media,2,3707.36,0.0,7414.72,0,0,2025-12,7414.72
O02077,C0082,2025-08-04,42,Bengaluru,P01,Electronics,CMP02,Festival Offer,SMS,4,5032.99,0.1,18118.76,0,0,2025-08,18118.76
O02078,C0524,2025-04-05,28,Pune,P06,Sports,CMP01,Summer Sale,Email,5,1346.33,0.1,6058.48,0,0,2025-04,6058.48
O02079,C0397,2025-06-30,53,Pune,P02,Home,CMP05,Weekend Flash Sale,Email,8,1493.92,0.05,11353.79,1,1,2025-06,11353.79
O02080,C0032,2025-03-14,56,Pune,P06,Sports,CMP06,Win Back Campaign,SMS,1,1750.77,0.0,1750.77,1,1,2025-03,1750.77
O02081,C0090,2025-03-16,42,Chennai,P04,Beauty,CMP01,Summer Sale,Email,4,920.0,0.0,3680.0,1,1,2025-03,3680.0
O02082,C0220,2025-08-29,33,Hyderabad,P02,Home,CMP04,New Customer Offer,Social Media,2,2127.75,0.15,3617.18,0,0,2025-08,3617.18
O02083,C0365,2025-03-17,39,Hyderabad,P03,Fashion,CMP04,New Customer Offer,Social Media,2,940.95,0.05,1787.8,0,0,2025-03,1787.8
O02084,C0009,2025-11-17,36,Bengaluru,P06,Sports,CMP03,Loyalty Rewards,App,1,1302.42,0.1,1172.18,1,0,2025-11,1172.18
O02085,C0376,2025-11-10,21,Patna,P06,Sports,CMP04,New Customer Offer,Social Media,4,1574.63,0.15,5353.74,1,1,2025-11,5353.74
O02086,C0487,2025-10-21,29,Mumbai,P05,Grocery,CMP02,Festival Offer,SMS,2,757.28,0.0,1514.56,0,0,2025-10,1514.56
O02087,C0062,2025-05-10,58,Pune,P03,Fashion,CMP05,Weekend Flash Sale,Email,6,1206.67,0.2,5792.02,0,0,2025-05,5792.02
O02088,C0103,2025-07-16,55,Patna,P03,Fashion,CMP04,New Customer Offer,Social Media,3,1062.51,0.2,2550.02,0,0,2025-07,2550.02
O02089,C0037,2025-04-15,23,Pune,P03,Fashion,CMP05,Weekend Flash Sale,Email,1,1383.77,0.2,1107.02,0,0,2025-04,1107.02
O02090,C0405,2025-09-01,29,Hyderabad,P06,Sports,CMP04,New Customer Offer,Social Media,1,1906.86,0.0,1906.86,0,0,2025-09,1906.86
O02091,C0488,2025-12-13,41,Pune,P02,Home,CMP05,Weekend Flash Sale,Email,3,1695.78,0.15,4324.24,1,1,2025-12,4324.24
O02092,C0094,2025-03-12,31,Bengaluru,P04,Beauty,CMP01,Summer Sale,Email,2,768.19,0.1,1382.74,0,0,2025-03,1382.74
O02093,C0620,2025-04-19,24,Kolkata,P04,Beauty,CMP02,Festival Offer,SMS,1,1145.78,0.0,1145.78,0,0,2025-04,1145.78
O02094,C0310,2025-12-12,55,Hyderabad,P05,Grocery,CMP03,Loyalty Rewards,App,2,507.17,0.1,912.91,1,1,2025-12,912.91
O02095,C0185,2025-08-13,55,Hyderabad,P03,Fashion,CMP02,Festival Offer,SMS,1,904.99,0.1,814.49,0,0,2025-08,814.49
O02096,C0640,2025-03-29,22,Delhi,P05,Grocery,CMP01,Summer Sale,Email,3,598.04,0.05,1704.41,1,1,2025-03,1704.41
O02097,C0575,2025-06-05,36,Kolkata,P03,Fashion,CMP06,Win Back Campaign,SMS,1,1228.64,0.15,1044.34,0,0,2025-06,1044.34
O02098,C0550,2025-06-20,39,Hyderabad,P06,Sports,CMP01,Summer Sale,Email,3,1997.72,0.0,5993.16,1,1,2025-06,5993.16
O02099,C0582,2025-03-13,42,Hyderabad,P03,Fashion,CMP02,Festival Offer,SMS,1,1496.16,0.1,1346.54,1,1,2025-03,1346.54
O02100,C0273,2025-05-14,21,Bengaluru,P01,Electronics,CMP05,Weekend Flash Sale,Email,3,4800.89,0.1,12962.4,1,1,2025-05,12962.4
O02101,C0077,2025-01-10,46,Chennai,P01,Electronics,CMP02,Festival Offer,SMS,1,5249.07,0.05,4986.62,0,0,2025-01,4986.62
O02102,C0083,2025-12-29,22,Bengaluru,P06,Sports,CMP04,New Customer Offer,Social Media,4,1371.16,0.15,4661.94,0,0,2025-12,4661.94
O02103,C0209,2025-11-23,38,Mumbai,P06,Sports,CMP05,Weekend Flash Sale,Email,4,1531.43,0.0,6125.72,0,0,2025-11,6125.72
O02104,C0534,2025-01-30,60,Hyderabad,P04,Beauty,CMP04,New Customer Offer,Social Media,3,724.46,0.05,2064.71,0,0,2025-01,2064.71
O02105,C0006,2025-08-02,27,Delhi,P06,Sports,CMP03,Loyalty Rewards,App,3,1948.34,0.0,5845.02,1,1,2025-08,5845.02
O02106,C0107,2025-09-10,39,Mumbai,P05,Grocery,CMP05,Weekend Flash Sale,Email,2,579.39,0.0,1158.78,0,0,2025-09,1158.78
O02107,C0500,2025-05-04,35,Patna,P04,Beauty,CMP02,Festival Offer,SMS,1,1081.66,0.1,973.49,0,0,2025-05,973.49
O02108,C0215,2025-08-09,50,Delhi,P03,Fashion,CMP01,Summer Sale,Email,2,1289.47,0.1,2321.05,1,1,2025-08,2321.05
O02109,C0060,2025-10-09,51,Pune,P02,Home,CMP06,Win Back Campaign,SMS,4,1910.84,0.1,6879.02,0,0,2025-10,6879.02
O02110,C0350,2025-12-09,33,Bengaluru,P05,Grocery,CMP05,Weekend Flash Sale,Email,1,809.37,0.05,768.9,0,0,2025-12,768.9
O02111,C0448,2025-07-15,33,Hyderabad,P01,Electronics,CMP04,New Customer Offer,Social Media,1,4081.42,0.1,3673.28,0,0,2025-07,3673.28
O02112,C0074,2025-08-31,39,Bengaluru,P02,Home,CMP06,Win Back Campaign,SMS,6,1994.32,0.1,10769.33,0,0,2025-08,10769.33
O02113,C0386,2025-06-11,32,Hyderabad,P02,Home,CMP04,New Customer Offer,Social Media,2,1534.58,0.15,2608.79,0,0,2025-06,2608.79
O02114,C0212,2025-12-16,52,Kolkata,P02,Home,CMP06,Win Back Campaign,SMS,1,1782.43,0.15,1515.07,0,0,2025-12,1515.07
O02115,C0491,2025-03-17,51,Bengaluru,P03,Fashion,CMP01,Summer Sale,Email,3,1312.51,0.05,3740.65,0,0,2025-03,3740.65
O02116,C0445,2025-03-05,40,Pune,P04,Beauty,CMP06,Win Back Campaign,SMS,7,1073.96,0.0,7517.72,0,0,2025-03,7517.72
O02117,C0015,2025-09-23,48,Pune,P06,Sports,CMP06,Win Back Campaign,SMS,3,1314.65,0.0,3943.95,1,0,2025-09,3943.95
O02118,C0140,2025-06-02,42,Bengaluru,P04,Beauty,CMP01,Summer Sale,Email,2,1174.91,0.1,2114.84,0,0,2025-06,2114.84
O02119,C0060,2025-04-02,36,Hyderabad,P05,Grocery,CMP03,Loyalty Rewards,App,6,651.19,0.0,3907.14,1,0,2025-04,3907.14
O02120,C0605,2025-05-12,40,Delhi,P04,Beauty,CMP02,Festival Offer,SMS,3,946.44,0.05,2697.35,1,1,2025-05,2697.35
O02121,C0356,2025-04-24,22,Patna,P04,Beauty,CMP06,Win Back Campaign,SMS,3,1168.45,0.15,2979.55,1,0,2025-04,2979.55
O02122,C0496,2025-04-04,35,Delhi,P04,Beauty,CMP01,Summer Sale,Email,1,1061.83,0.05,1008.74,1,1,2025-04,1008.74
O02123,C0460,2025-07-04,31,Pune,P02,Home,CMP05,Weekend Flash Sale,Email,1,1816.34,0.05,1725.52,0,0,2025-07,1725.52
O02124,C0541,2025-12-02,34,Kolkata,P03,Fashion,CMP01,Summer Sale,Email,4,1195.71,0.05,4543.7,0,0,2025-12,4543.7
O02125,C0245,2025-11-11,26,Kolkata,P02,Home,CMP06,Win Back Campaign,SMS,1,1831.87,0.15,1557.09,1,1,2025-11,1557.09
O02126,C0242,2025-07-13,30,Mumbai,P03,Fashion,CMP06,Win Back Campaign,SMS,1,1216.94,0.0,1216.94,0,0,2025-07,1216.94
O02127,C0474,2025-03-07,58,Mumbai,P03,Fashion,CMP03,Loyalty Rewards,App,1,1347.46,0.05,1280.09,0,0,2025-03,1280.09
O02128,C0587,2025-02-01,29,Hyderabad,P05,Grocery,CMP03,Loyalty Rewards,App,1,763.4,0.15,648.89,0,0,2025-02,648.89
O02129,C0095,2025-02-22,31,Kolkata,P04,Beauty,CMP05,Weekend Flash Sale,Email,3,1173.05,0.1,3167.23,0,0,2025-02,3167.23
O02130,C0552,2025-04-13,24,Patna,P02,Home,CMP04,New Customer Offer,Social Media,5,2025.85,0.15,8609.86,0,0,2025-04,8609.86
O02131,C0453,2025-06-06,36,Delhi,P05,Grocery,CMP05,Weekend Flash Sale,Email,2,545.6,0.2,872.96,0,0,2025-06,872.96
O02132,C0017,2025-08-28,47,Kolkata,P04,Beauty,CMP02,Festival Offer,SMS,2,899.11,0.1,1618.4,1,1,2025-08,1618.4
O02133,C0631,2025-12-07,32,Hyderabad,P05,Grocery,CMP04,New Customer Offer,Social Media,1,502.95,0.0,502.95,1,0,2025-12,502.95
O02134,C0376,2025-08-18,59,Hyderabad,P05,Grocery,CMP04,New Customer Offer,Social Media,3,517.88,0.0,1553.64,1,1,2025-08,1553.64
O02135,C0223,2025-10-14,48,Chennai,P06,Sports,CMP05,Weekend Flash Sale,Email,1,1205.14,0.15,1024.37,0,0,2025-10,1024.37
O02136,C0639,2025-12-02,25,Kolkata,P04,Beauty,CMP03,Loyalty Rewards,App,4,1037.72,0.0,4150.88,0,0,2025-12,4150.88
O02137,C0056,2025-04-04,47,Pune,P06,Sports,CMP01,Summer Sale,Email,1,1313.69,0.05,1248.01,0,0,2025-04,1248.01
O02138,C0549,2025-08-18,49,Hyderabad,P02,Home,CMP03,Loyalty Rewards,App,1,1433.48,0.0,1433.48,1,0,2025-08,1433.48
O02139,C0445,2025-01-14,27,Bengaluru,P04,Beauty,CMP06,Win Back Campaign,SMS,2,796.97,0.0,1593.94,0,0,2025-01,1593.94
O02140,C0166,2025-10-29,55,Chennai,P01,Electronics,CMP06,Win Back Campaign,SMS,1,4979.34,0.05,4730.37,0,0,2025-10,4730.37
O02141,C0619,2025-12-31,52,Patna,P01,Electronics,CMP06,Win Back Campaign,SMS,3,4049.07,0.0,12147.21,0,0,2025-12,12147.21
O02142,C0118,2025-12-11,59,Patna,P05,Grocery,CMP02,Festival Offer,SMS,4,576.88,0.05,2192.14,1,1,2025-12,2192.14
O02143,C0594,2025-11-27,25,Pune,P03,Fashion,CMP02,Festival Offer,SMS,2,1101.53,0.05,2092.91,0,0,2025-11,2092.91
O02144,C0223,2025-08-09,37,Delhi,P03,Fashion,CMP01,Summer Sale,Email,2,1316.41,0.1,2369.54,0,0,2025-08,2369.54
O02145,C0075,2025-08-12,52,Hyderabad,P03,Fashion,CMP01,Summer Sale,Email,3,1465.98,0.0,4397.94,0,0,2025-08,4397.94
O02146,C0154,2025-01-16,43,Kolkata,P02,Home,CMP01,Summer Sale,Email,2,1882.99,0.1,3389.38,1,1,2025-01,3389.38
O02147,C0337,2025-04-12,46,Pune,P06,Sports,CMP05,Weekend Flash Sale,Email,3,1306.77,0.05,3724.29,0,0,2025-04,3724.29
O02148,C0087,2025-05-12,27,Bengaluru,P01,Electronics,CMP01,Summer Sale,Email,1,4425.0,0.1,3982.5,1,0,2025-05,3982.5
O02149,C0213,2025-02-13,26,Chennai,P06,Sports,CMP03,Loyalty Rewards,App,1,1934.58,0.15,1644.39,0,0,2025-02,1644.39
O02150,C0453,2025-04-21,29,Patna,P04,Beauty,CMP05,Weekend Flash Sale,Email,5,1010.25,0.05,4798.69,1,1,2025-04,4798.69
O02151,C0369,2025-02-12,37,Bengaluru,P06,Sports,CMP03,Loyalty Rewards,App,4,1442.31,0.2,4615.39,0,0,2025-02,4615.39
O02152,C0527,2025-11-09,60,Hyderabad,P01,Electronics,CMP01,Summer Sale,Email,1,4850.23,0.1,4365.21,0,0,2025-11,4365.21
O02153,C0325,2025-01-23,58,Pune,P06,Sports,CMP02,Festival Offer,SMS,1,1308.47,0.0,1308.47,0,0,2025-01,1308.47
O02154,C0028,2025-02-24,40,Kolkata,P04,Beauty,CMP02,Festival Offer,SMS,3,1063.8,0.1,2872.26,0,0,2025-02,2872.26
O02155,C0285,2025-10-03,20,Hyderabad,P06,Sports,CMP03,Loyalty Rewards,App,8,1381.57,0.0,11052.56,0,0,2025-10,11052.56
O02156,C0593,2025-04-25,26,Bengaluru,P03,Fashion,CMP05,Weekend Flash Sale,Email,1,1391.82,0.2,1113.46,1,0,2025-04,1113.46
O02157,C0251,2025-04-12,53,Chennai,P03,Fashion,CMP05,Weekend Flash Sale,Email,2,971.27,0.0,1942.54,1,1,2025-04,1942.54
O02158,C0088,2025-02-19,35,Kolkata,P04,Beauty,CMP06,Win Back Campaign,SMS,1,998.02,0.0,998.02,0,0,2025-02,998.02
O02159,C0634,2025-09-06,20,Chennai,P04,Beauty,CMP05,Weekend Flash Sale,Email,3,1166.56,0.1,3149.71,0,0,2025-09,3149.71
O02160,C0267,2025-10-18,57,Delhi,P04,Beauty,CMP01,Summer Sale,Email,2,753.44,0.0,1506.88,0,0,2025-10,1506.88
O02161,C0178,2025-03-12,49,Pune,P01,Electronics,CMP02,Festival Offer,SMS,5,4709.79,0.0,23548.95,0,0,2025-03,23548.95
O02162,C0509,2025-04-08,42,Hyderabad,P02,Home,CMP03,Loyalty Rewards,App,6,1620.16,0.05,9234.91,0,0,2025-04,9234.91
O02163,C0150,2025-04-18,23,Kolkata,P04,Beauty,CMP05,Weekend Flash Sale,Email,2,926.78,0.0,1853.56,0,0,2025-04,1853.56
O02164,C0436,2025-09-27,46,Hyderabad,P04,Beauty,CMP01,Summer Sale,Email,6,819.35,0.1,4424.49,0,0,2025-09,4424.49
O02165,C0586,2025-09-22,23,Mumbai,P01,Electronics,CMP05,Weekend Flash Sale,Email,4,3292.08,0.2,10534.66,0,0,2025-09,10534.66
O02166,C0517,2025-11-14,48,Pune,P04,Beauty,CMP06,Win Back Campaign,SMS,1,1082.96,0.05,1028.81,0,0,2025-11,1028.81
O02167,C0369,2025-11-15,55,Pune,P03,Fashion,CMP01,Summer Sale,Email,1,978.21,0.0,978.21,0,0,2025-11,978.21
O02168,C0573,2025-08-10,20,Kolkata,P02,Home,CMP04,New Customer Offer,Social Media,1,1853.78,0.1,1668.4,0,0,2025-08,1668.4
O02169,C0066,2025-10-03,54,Delhi,P04,Beauty,CMP01,Summer Sale,Email,2,814.63,0.15,1384.87,0,0,2025-10,1384.87
O02170,C0199,2025-07-11,21,Pune,P03,Fashion,CMP06,Win Back Campaign,SMS,3,1086.15,0.1,2932.61,0,0,2025-07,2932.61
O02171,C0321,2025-07-28,21,Hyderabad,P01,Electronics,CMP02,Festival Offer,SMS,3,3450.95,0.15,8799.92,1,1,2025-07,8799.92
O02172,C0363,2025-02-15,56,Pune,P01,Electronics,CMP04,New Customer Offer,Social Media,5,4769.86,0.0,23849.3,1,1,2025-02,23849.3
O02173,C0231,2025-07-22,58,Mumbai,P05,Grocery,CMP06,Win Back Campaign,SMS,1,573.49,0.15,487.47,0,0,2025-07,487.47
O02174,C0109,2025-04-18,53,Hyderabad,P05,Grocery,CMP02,Festival Offer,SMS,4,751.17,0.1,2704.21,0,0,2025-04,2704.21
O02175,C0256,2025-06-15,44,Chennai,P01,Electronics,CMP03,Loyalty Rewards,App,4,4423.55,0.1,15924.78,0,0,2025-06,15924.78
O02176,C0335,2025-07-30,52,Hyderabad,P06,Sports,CMP03,Loyalty Rewards,App,3,1471.69,0.1,3973.56,1,0,2025-07,3973.56
O02177,C0149,2025-08-30,56,Delhi,P01,Electronics,CMP04,New Customer Offer,Social Media,4,4348.19,0.0,17392.76,0,0,2025-08,17392.76
O02178,C0289,2025-11-03,42,Patna,P03,Fashion,CMP01,Summer Sale,Email,8,1201.67,0.0,9613.36,0,0,2025-11,9613.36
O02179,C0630,2025-06-04,32,Hyderabad,P03,Fashion,CMP03,Loyalty Rewards,App,9,985.66,0.1,7983.85,1,1,2025-06,7983.85
O02180,C0620,2025-02-04,48,Bengaluru,P06,Sports,CMP05,Weekend Flash Sale,Email,1,1859.51,0.1,1673.56,0,0,2025-02,1673.56
O02181,C0204,2025-06-30,39,Hyderabad,P02,Home,CMP01,Summer Sale,Email,1,2120.25,0.1,1908.22,0,0,2025-06,1908.22
O02182,C0421,2025-05-12,55,Patna,P04,Beauty,CMP06,Win Back Campaign,SMS,2,920.0,0.05,1748.0,1,1,2025-05,1748.0
O02183,C0152,2025-06-28,55,Mumbai,P04,Beauty,CMP03,Loyalty Rewards,App,4,810.69,0.05,3080.62,1,1,2025-06,3080.62
O02184,C0618,2025-04-24,59,Pune,P03,Fashion,CMP06,Win Back Campaign,SMS,2,1465.85,0.0,2931.7,0,0,2025-04,2931.7
O02185,C0243,2025-03-05,25,Bengaluru,P01,Electronics,CMP03,Loyalty Rewards,App,3,3456.07,0.1,9331.39,0,0,2025-03,9331.39
O02186,C0058,2025-08-15,57,Kolkata,P03,Fashion,CMP06,Win Back Campaign,SMS,2,925.23,0.05,1757.94,0,0,2025-08,1757.94
O02187,C0183,2025-12-24,52,Kolkata,P03,Fashion,CMP06,Win Back Campaign,SMS,10,1111.69,0.15,9449.37,0,0,2025-12,9449.37
O02188,C0354,2025-03-11,40,Delhi,P03,Fashion,CMP06,Win Back Campaign,SMS,3,1121.98,0.05,3197.64,1,0,2025-03,3197.64
O02189,C0397,2025-12-04,56,Hyderabad,P04,Beauty,CMP02,Festival Offer,SMS,1,790.04,0.0,790.04,0,0,2025-12,790.04
O02190,C0605,2025-09-20,31,Chennai,P04,Beauty,CMP01,Summer Sale,Email,1,743.97,0.05,706.77,0,0,2025-09,706.77
O02191,C0128,2025-04-05,33,Pune,P03,Fashion,CMP04,New Customer Offer,Social Media,3,1345.93,0.1,3634.01,0,0,2025-04,3634.01
O02192,C0294,2025-01-13,25,Patna,P05,Grocery,CMP03,Loyalty Rewards,App,1,694.64,0.1,625.18,1,0,2025-01,625.18
O02193,C0316,2025-05-10,23,Pune,P06,Sports,CMP04,New Customer Offer,Social Media,5,1509.29,0.1,6791.8,0,0,2025-05,6791.8
O02194,C0466,2025-07-28,44,Kolkata,P05,Grocery,CMP06,Win Back Campaign,SMS,4,742.65,0.1,2673.54,0,0,2025-07,2673.54
O02195,C0622,2025-04-29,45,Pune,P02,Home,CMP02,Festival Offer,SMS,4,2191.09,0.1,7887.92,1,0,2025-04,7887.92
O02196,C0617,2025-10-01,45,Patna,P04,Beauty,CMP03,Loyalty Rewards,App,1,859.38,0.1,773.44,0,0,2025-10,773.44
O02197,C0071,2025-02-23,55,Pune,P01,Electronics,CMP06,Win Back Campaign,SMS,2,3894.38,0.15,6620.45,0,0,2025-02,6620.45
O02198,C0457,2025-10-28,60,Patna,P01,Electronics,CMP05,Weekend Flash Sale,Email,3,4103.72,0.0,12311.16,1,0,2025-10,12311.16
O02199,C0120,2025-07-21,21,Bengaluru,P03,Fashion,CMP04,New Customer Offer,Social Media,1,1001.4,0.1,901.26,0,0,2025-07,901.26
O02200,C0578,2025-05-03,26,Bengaluru,P02,Home,CMP05,Weekend Flash Sale,Email,11,1969.78,0.0,21667.58,0,0,2025-05,21667.58
